Comment,Likes,Category
On of the underrated Songs❤❤❤‍🔥,0,Neutral
Recently addicted to this song❤,2,Neutral
lyrics ❤ out of the world,2,Neutral
Honey trap is mens weekness😢,0,Neutral
❤,0,Neutral
Super  song🌹🌹🌹🌹🌹😊😊😊😊😊,1,Positive
Repeat Mode❤❤❤❤,1,Neutral
This song is best in Tamil❤,1,Positive
Semma voice 💞💞💞💞💞,1,Positive
இந்த இசை வேற எங்கையோ கேட்டது போல இருக்கிறது,1,Neutral
Theater experience❤💗,1,Neutral
"My Birthday 15:10 I cant go to Kovil,we decided too watch Movie...it's my Memory movie Good!",1,Positive
0:58,0,Neutral
My relexing song,1,Neutral
0:39 0:58,0,Neutral
1:26 magic begins from here :) . I am from Pakistan. Cannot understand Tamil but this song hits somethings different. Music has no language.,2,Neutral
My favorite lovely song...lyrics vera level,3,Positive
Pea coat 💩💩 song,0,Neutral
Excellent writing by Madhan Karki..,1,Positive
ரூஹே ரூஹே -  உயிரே உயிரே,0,Neutral
Dont blindly trust anyone.,1,Neutral
This song does something to me,2,Neutral
Honey dripping ❤,3,Neutral
Super 🎉,0,Positive
💗😩,0,Neutral
1.26 min is was amazing bgm,1,Positive
❤,3,Neutral
Nice❤❤❤❤❤,1,Positive
"ஆண் : வேங்குழலில் இழைந்தாயடி
என் காதயே!
மென்மயங்கி கிடந்தேனடி
என் போதையே!

ஆண் : வேல் என்றருத்திடும் விழிகள்
இரண்டில் நீ தாக்கினாய்
உந்தன் மார்பை இருக்கிடும் துணியால்
என்னை நீ கைதாக்கினாய்
உலகே பொய்யடி
கனவே மெய்யடி
அதில் வாழ்வோமா பூங்கோதயே!…ஹோ

பெண் மற்றும் குழு : தீயென்ரெரியுங் காடொன்றில்
கீச்சாக் கிளிகள் உறவாட
நீண்டே விரியும் விசும்பென்றே
தீண்டா ஏக்கம் விரிந்தாட

ஆண் : வேங்குழலில் இழைந்தாயடி
என் காதயே!
மென்மயங்கி கிடந்தேனடி
என் போதையே!

ஆண் : துரும்பென இளைத்திவள் உருமாற
விருந்தாக எனை பறிமாற
பெண் : கருங்கணி சுவையினில் உயிர் ஊற
துரந்தேனே நாணம் வெறியேற

ஆண் : நீ இன்னும் இன்னும் இன்னும் இன்னும் வேண்டுமே
என எனதிதழ் உனதுஉடல் தீண்டுமே
பெண் : ஏ உனை இடையனி என பூண்டுவேண்
நீ இறங்கிட இருதயம் தூண்டுமே

ஆண் : உறங்காதேரேனோ
உயிராய் மாறேனோ
வலிதாங்காயோ பூங்கோதயே!…ஹோ

பெண் மற்றும் குழு : தீயென்ரெரியுங் காடொன்றில்
கீச்சாக் கிளிகள் உறவாட
நீண்டே விரியும் விசும்பென்றே
தீண்டா ஏக்கம் விரிந்தாட",1,Neutral
1:35,1,Neutral
Harishankar voice❤,2,Neutral
Vanakam 23 may  2026 .12 am ku,0,Neutral
Anyone may 21 2026,0,Neutral
Anyone after inba reel ?,0,Question
3.13🎉,0,Neutral
❤thamizh virunthu❤,1,Neutral
Indha song oda theatre experience just like wow 🎉🔥🔥,3,Neutral
Athukuthana naneyyy night dutyy vangiii pathukutuerukean enjoyyy😂😂😂😂😂😂😂😂😂,2,Neutral
Velentraruthidum💫 vizhigal👀 irandil nee thakkinai🤌😩❤,2,Neutral
1:26 Such as a magic' voice and miracle imagination,0,Neutral
I like this song ❤🩵🤍,0,Neutral
Enn kaathaiyeeeeeee 🤌💓,1,Neutral
யாரெல்லாம் இந்த பாடலின் வரிகளை கேட்டவுடனே... இந்த பாடலை எழுதியது *மதன் கார்க்கி* என்று யூகித்தீர்கள்.... ✨😇🥰🙌🙋,11,Neutral
This is so delightful for eyes . Beautiful ❤,0,Positive
1:26 i fall in other dimension ❤,1,Neutral
Voice ❤,1,Neutral
Any one after vijay CM🎉🎉,5,Neutral
Very emotionally I am feeling for the song and also interesting ❤,1,Neutral
Rukku  is beautiful ❤ my crush allso same look ❤️❤️‍🔥,1,Positive
Super song 🤍,2,Positive
The male voice is competing n winning Chinmayi's voice🥹,18,Neutral
0:13 plot for hearing songs,0,Neutral
My fevarat song❤❤,0,Neutral
❤❤❤,1,Neutral
எனக்கு ரொம்ப ரொம்ப பிடிக்கும் 🔥🔥🔥❤️❤️❤️❤️❤️,1,Neutral
Nice song 😻,1,Positive
காதலும் கற்பனையும் கொண்ட காதல்  இதுவே ❤‍🩹🫂,5,Neutral
Evlo alagana tamil varigal..tamil padangalil kuda ipdi illai,1,Neutral
உயிராய் வாரேனோ வலி தாங்காயோ பூங்கோதையே Wow❤❤❤,2,Neutral
Entha song la bjm heart ❤️ apadiya melt pannuthu,3,Neutral
Rukmani has some big gya. 😅❤ 2:49,0,Neutral
My favourite song ❤❤,1,Neutral
2026.. ❤ Goosebumps da ❤🎉😊,0,Neutral
Bgm ringtone super ❤️❤️😍🥰,2,Positive
i am love this song,1,Neutral
💗,0,Neutral
I love every language but kannada version of this song just beauty ❤,0,Neutral
❤❤❤,0,Neutral
This pair should have played Sita-Ram in a live action movie.,1,Suggestion
"This is not a song, it’s an emotion for every Darling and Thaman Fans 😜😜❤❤🎉🎉🎉🎉",1,Neutral
The real song starts at 01:25,1,Neutral
"Rukku's grace & beauty, Lyrics, music, camera - everything is ❤ perfect",0,Positive
❤,0,Neutral
Naan parthen othumaan Unnodaiya effect en iruku,0,Neutral
Neil kari apdna neilakari oru gramam Iruku athuku oru driver vera evlo vaai adika pathiram velaka poitu apdla poga mattanga flight la ponnain etti parthoma poitu vanthu tale,0,Neutral
Superb song❤,1,Positive
Yar ellam 2026 ah intha song ah ketu irukinga❤,2,Neutral
0:53  bombastic laugh🤣,2,Neutral
1:27 was melting ❤🥺😌😫,0,Neutral
Rukmini heroine nice semma super. very nice feeling songs looke vera level,0,Positive
1:31  & 2:40 she nailed ❤,1,Neutral
Amazing..... Don't know how many times I'm listening to this song.... Madan Karki has once again proved......❤,0,Positive
❤,0,Neutral
Malayalam version is the best 🔥,1,Positive
Enna alagu😍😍😍😍😍,0,Question
Rukmini kolriye 😍😍😍😍,0,Neutral
March 21 anyone,1,Neutral
வெளிச்சமா இருக்குனு வின்மினி  பின்னாடி  போயிறதின்க தொழங்சு போயிருவின்க..... இந்த கவிதை    ஃபர்ஸ்ட் கேக்கும் போது  செம்ம  ஃபீல்....   Super   feel song ....,1,Positive
Chow chow is super ❤❤❤❤❤❤❤❤❤🎉🎉,0,Positive
3.18 pure magic 🪄✨,3,Neutral
🖤🖤🖤🖤🖤,0,Neutral
Rukku ❤️❤️😍😍,0,Neutral
Cable connections wrong way,0,Neutral
Raja cable😅,0,Neutral
"மலையாளம் "" கன்னடா "" தெலுங்கு  "" ஹிந்தி  எல்லா  பாடலையும்  தூக்கி  சாப்டிருச்சு  டா  .... நம்ம ""தமிழ் "" ❤️🥶🔥",36,Neutral
Anyone today 😅,3,Neutral
March 6 ❤,2,Neutral
😊😊,0,Neutral
❤❤song super,1,Positive
My favourite song the year ❤,0,Neutral
Super super,0,Positive
என்னோட அம்மாக்கு பிடிச்ச பாட்டு❤🫂,2,Neutral
March 05❤,1,Neutral
Theatre experience was amazing ❤🎉,2,Positive
March 3 ❤,0,Neutral
Tq katara,0,Neutral
March 02 ❤,0,Neutral
Someone special ❤❤,2,Neutral
Beautiful lyrics 😊,1,Positive
1:25  this lyrics was my favourite 🎉❤🎉❤🎉❤🎉❤🎉❤🎉❤🎉❤🎉❤🎉,0,Neutral
This movie was thrilling by experiance❤,0,Neutral
2:1 ultimet,0,Neutral
2:55 woww ❤🎉,1,Neutral
☺️☺️☺️☺️☺️☺️☺️🥰🥰🥰❤️❤️❤️🫀🫀🫀🫀❤️❤️🥰❤️🫀🫀❤️❤️❤️❤️🫀❤️🥰❤️🫀💞💞😭,1,Neutral
🥰,0,Neutral
I like it 💜💜💜,1,Neutral
1:25,0,Neutral
I love this song,2,Neutral
❤❤,0,Neutral
1:20,0,Neutral
🙌🫂🎤🎥💋💞👏👌💥,0,Neutral
"வேங்குழலில் இழைந்தாயடி
என் காதயே!
மென்மயங்கி கிடந்தேனடி
என் போதையே!

வேல் என்றருத்திடும் விழிகள்
இரண்டில் நீ தாக்கினாய்
உந்தன் மார்பை இருக்கிடும் துணியால்
என்னை நீ கைதாக்கினாய்
உலகே பொய்யடி
கனவே மெய்யடி
அதில் வாழ்வோமா பூங்கோதயே!…ஹோ

தீயென்ரெரியுங் காடொன்றில்
கீச்சாக் கிளிகள் உறவாட
நீண்டே விரியும் விசும்பென்றே
தீண்டா ஏக்கம் விரிந்தாட

வேங்குழலில் இழைந்தாயடி
என் காதயே!
மென்மயங்கி கிடந்தேனடி
என் போதையே!

துரும்பென இளைத்திவள் உருமாற
விருந்தாக எனை பறிமாற
கருங்கணி சுவையினில் உயிர் ஊற
துரந்தேனே நாணம் வ...

Full lyrics at Bharatlyrics.com: வேங்குழலில் இழைந்தாயடி Vaenguzhalil Ezhaindayadi Lyrics - K S Harisankar, Chinmayi Sripada https://bharatlyrics.com/vaenguzhalil-ezhaindayadi-lyrics/",2,Neutral
❤❤,0,Neutral
Super song ❤❤🎉🎉🎉,2,Positive
Nice bgm,0,Positive
1:13 of these song,9,Neutral
I love this song very much,0,Neutral
Super song❤,0,Positive
2:11,0,Neutral
2:12  _நீ இன்னும் இன்னும் இன்னும் வேண்டுமே..._,1,Neutral
❤❤❤❤❤❤❤,0,Neutral
Superb 🎉,0,Positive
In earphone......just 💥😩💗✨,0,Neutral
2:11 நீ இன்னும் இன்னும் இன்னும் இன்னும் வேண்டுமே wowwwwwwwwww ❤️🥰என என்னதிதழ் உனதுடல் தீண்டுமே 🥰❤️......,3,Neutral
1.06,0,Neutral
O:05❤,0,Neutral
In that movie,0,Neutral
The heroine is very crazy no😂,0,Neutral
3:09,0,Neutral
❤,1,Neutral
I saw this at home also 🫠🫠🫠,0,Neutral
0:17 bgm 🥵🥶🎧,47,Neutral
ஓம் ஶ்ரீ சாய் ராம் 🙏🙏🙏,0,Neutral
1:13 ❤️‍🩹😫🌍🎀🥺,2,Neutral
❤💕🌹,0,Neutral
How many ❤rukmini crush❤❤❤here🥰😘😘😘,1,Question
OG Madhan karky anna lyrics♥️😇,0,Neutral
❤❤❤❤❤❤❤❤❤❤❤❤❤❤❤❤❤❤,0,Neutral
https://youtube.com/shorts/3GmTiHklkb4?si=luHJZMwksuGRuEBJ,0,Neutral
உன் மார்பை இருக்கும் துணியால். கைதாக்கினால்❤❤❤,1,Neutral
I love song❤❤,0,Neutral
Voice melt kekum pothey nenachen chinmayi mam ah than irukkumnu,4,Neutral
Anyone2026❤,0,Neutral
Iva than da periya velaiya pathuvittu poita😅😅😅😂😂,3,Neutral
2026 here ❤❤,0,Neutral
💙melting,1,Neutral
My dream songs,0,Neutral
2:04 voiceuhh❤❤,3,Neutral
1.03 💥,0,Neutral
Most underrated song😢...but my favourite ❤❤❤..semma lines💕,0,Positive
En son ku just 3 1/2 years old boy but daily 5 times ku mela intha song kapan,6,Neutral
Am just melted that song ❤oh my god  its so beautiful music an lyrics ❤,4,Positive
❤❤❤❤❤❤❤❤,0,Neutral
wow super song.....👌👌,0,Positive
Entha oru song thaaa mind Full ahaaaaaa adhuvum anthaa voice aaaaaagaaaa konuttaaan pongaa 65 time ketta aaanalum bore agalaaaa,3,Neutral
No words can express how much I love this song❤...What a song...🥹😍,2,Neutral
2:11 wooooooooow,0,Neutral
Anyone 2026,0,Neutral
Wow🧡🔥🧡,1,Neutral
Super  super song❤❤❤❤❤❤,1,Positive
Theater experience ♥️Dolby Atmos 🫡,4,Neutral
என்ன song டா இது வேற லெவல் ல எழுந்திருக்காங்க ❤❤❤🎉🎉❤️,1,Neutral
❤❤❤❤❤❤,0,Neutral
Ippo vantha pudhu padathula enaku romba pidicha song Ithu mattum dha,2,Neutral
"Malathi seems to be good, but she is too bad I, don't like him",0,Negative
Chimayee Akka voice ❤,3,Neutral
0:37 ❤️🤧,0,Neutral
Ithuthan Nalla music..inthe anirudh music eppothume same n yerichala irukum,1,Neutral
Velichama irrukunu minmini pinnadi poidadhinge tholanchupoiduvinge🤔,0,Neutral
This is my dream song❤💗🩷💞💓💖💝🌸💘❤️‍🔥🫶🌹💐🌸🪷💮,0,Neutral
❤,0,Neutral
Chinmyee akka  voice  wow ❤❤❤❤❤❤❤❤❤❤❤❤❤❤❤❤❤❤❤❤❤❤,5,Neutral
❤valli.loveyou.song,1,Neutral
🎉❤🎉🎉🎉🎉👌,0,Neutral
Super song,0,Positive
My favorite.... ❤,1,Neutral
2026 ........❤❤❤❤🎉🎉🎉🎉,2,Neutral
Day by day views ⚡⚡⚡⚡,4,Neutral
Bgm and Singers are super voice for this song ❤️❤️,4,Positive
❤❤❤❤❤❤,0,Neutral
1:40😍,0,Neutral
Tamil song is best feeling,1,Positive
Anyone from 2026 ❤😂,3,Neutral
நெடு நாட்கள் கழித்து ஒரு நல்ல திரைப்படம் பார்த்ததில் மகிழ்ச்சி. ❤,11,Neutral
"Nice lines, ending 👏🤞🫶",0,Positive
2:40 sema,2,Neutral
1:1 Vera level super ❤,1,Positive
2026 anyone,0,Neutral
Anyone 2026,0,Neutral
any one in 2026✋,1,Neutral
❤,1,Neutral
https://youtube.com/shorts/vjBwePEANbc?si=V-qL47GNVRVsRUo9,0,Neutral
67😊,0,Neutral
1.23 what a chores score 🎼🎼🎶🎶🎼🎶🎶🎶,1,Neutral
"Now tamil cinima spoiled by evils vijay and Ajith like commercial stars, when 90's golden period will come? Nowadays I seeing kannada movies and telugu movies",0,Question
"0:59 
Very level",0,Neutral
"My Chlm fav song ❤
I miss my Chlm😭😭😭
Miss you so much & love you ❤",0,Neutral
Nice song.. ❤️,0,Positive
1:26 oh my God 😮,4,Neutral
Lyrics vera level....yenakku mattu dhan apdi kettu cha illa adhu apdidhana,2,Positive
My heart melt 💖 this songs liycs,0,Neutral
Myy favv...❤👀💘😫,2,Neutral
I memory is sabarimalai ❤❤❤❤ ayyappa,3,Neutral
❤❤❤,0,Neutral
Really super good song 👍,1,Positive
Super movie and songs also🎉😊😊❤,1,Positive
❤❤❤❤❤❤,0,Neutral
Almost 2 months over. But can't overcome from impact of this song😢❤🎉🎉. #19th December,2,Neutral
Iam a vijay fan but My most favourite movie of all time kanthara 1&2 .,1,Neutral
More than 5 times mela parthuta vimz bro🤣🤣tan tan tan illa na enna bro tanna na re na re (kgf bgm)Iruku la🤣🤣🤣😆,0,Neutral
The song that enchanted me has melted away.💓🤗🤗🤗❤,0,Neutral
Singers awesome selection 🎉🎉🎉,1,Positive
Such a cute song ❤,0,Neutral
1:26 peak 💥🔥,0,Neutral
👌❤❤❤,0,Neutral
1:25 the corus and the sword scene 😳👀 make me goosebumps ❤,3,Neutral
Bgm melted😢🙌🏻🔥,5,Neutral
1:24 and 2:35 the music and the lady voice is really mesmerising which gives goose bump.🤗🤗🤗,2,Neutral
Harishankar bro 🫶✨,0,Neutral
1:27 to 1:39🎉🎉 beautiful,1,Positive
1:26❤ melting my heart,0,Neutral
3:05 💀,1,Neutral
Thee endru eriyum Kadu ondru 😊,0,Neutral
"உலகே பொய்யடி 
கனவே மெய்யடி...

Yup it's true... Picked line nice❤",0,Positive
❣,0,Neutral
Beautiful song ever seen😊❤❤❤❤❤❤❤❤❤❤❤❤❤❤,2,Positive
Recently addicted this song and   i like herione thirumpa thirumpa paathutu iruka🎉🎉🎉,0,Neutral
Madana Mana Mohini Remix Dropped!💓,0,Neutral
I like the song ❤,0,Neutral
😅😊 we need tamil audio jukebox for kantara 2,1,Neutral
❤❤❤❤❤❤❤❤❤,0,Neutral
Day by day I'm addicted to this song❤❤❤,2,Neutral
"Im furious !! Who is the makeup artist? Makeup artist is the one in duty to make sure all things are well prepared for bride a day before, Anyone in the position to do her hair do",1,Question
Katara🎉 this,0,Neutral
Extreme level of feeling ❤,1,Neutral
அழகான தமிழ் வரிகள்❤❤❤,3,Neutral
Deserved to touch 1000cr this film 🎥 😍,1,Neutral
Is Vizhiyile Mani Vizhiyile song from Raja sir and this song is same Raagam? I can feel some sounding similarities.,0,Question
my favourite song ❤❤❤❤❤🎉🎉🎉,0,Neutral
Mujhe hindi samajh m aata h,0,Neutral
Super song 😍😍,1,Positive
Berme nailed,0,Neutral
0:16😎,0,Neutral
Beautiful song,0,Positive
One of my favorite recently❤,0,Neutral
Voice ❤❤❤❤,0,Neutral
"வேங்குழலில் இழைந்தாயடி
என் காதயே!
மென்மயங்கி கிடந்தேனடி
என் போதையே!

வேல் என்றருத்திடும் விழிகள்
இரண்டில் நீ தாக்கினாய்
உந்தன் மார்பை இருக்கிடும் துணியால்
என்னை நீ கைதாக்கினாய்
உலகே பொய்யடி...கனவே மெய்யடி
அதில் வாழ்வோமா பூங்கோதயே!…ஹோ

தீயென்ரெரியுங் காடொன்றில்
கீச்சாக் கிளிகள் உறவாட
நீண்டே விரியும் விசும்பென்றே
தீண்டா ஏக்கம் விரிந்தாட

வேங்குழலில் இழைந்தாயடி
என் காதயே!...
மென்மயங்கி கிடந்தேனடி
என் போதையே!

துரும்பென இளைத்திவள் உருமாற
விருந்தாக எனை பறிமாற
கருங்கணி சுவையினில் உயிர் ஊற
துரந்தேனே நாணம் வெறியேற

நீ இன்னும் இன்னும் இன்னும் இன்னும் வேண்டுமே
என எனதிதழ் உனதுஉடல் தீண்டுமே...ஏ உனை இடையனி என பூண்டுவேண்
நீ இறங்கிட இருதயம் தூண்டுமே

உறங்காதேரேனோ
உயிராய் மாறேனோ
வலிதாங்காயோ பூங்கோதயே!…ஹோ

தீயென்ரெரியுங் காடொன்றில்
கீச்சாக் கிளிகள் உறவாட
நீண்டே விரியும் விசும்பென்றே
தீண்டா ஏக்கம் விரிந்தாட...",139,Neutral
❤😂🎉A😢😮😅😊❤😂🎉😢😮😅😊❤😂🎉😢😮😅😊,1,Neutral
So Emothional 🤧😢😢song Attraktive this Leriks 😢😭😭,1,Neutral
1.12.2025 yaaru pakkuringa,1,Neutral
"First time - Not bad 😅
Second time - Ok 🎉
Third time - Superb ❤
Then - Wow nice 😳 
Now - Addicted... 💕🔥🎧",29,Negative
1:25 mind blowing 🎭❤️🥹,5,Neutral
#Muthamazhai chinmayi 💫😍,1,Neutral
Rukmani now❤ at climax💀,3,Neutral
Anyone Nov 30 listen the song ?,0,Question
0:20 so gud obsesses with the vocals,2,Neutral
❤️❤️❤️❤️❤️❤️❤️,1,Neutral
Latest attited the song 🎵 ♥️,0,Neutral
neriya movie theatre la paathu iruka but entha movie um marupadiyum pakanum nu thoanala.entha movie mattum paakkanum nu thonudhu marubadiyum🎉❤❤❤,1,Negative
❤❤❤❤❤❤❤❤❤❤❤❤❤❤❤❤❤❤❤❤❤❤❤❤,0,Neutral
Very beautiful songs like,1,Positive
Hi,0,Neutral
My favourite song ❤❤❤❤❤,1,Neutral
Who all today,1,Question
Addicted this song,4,Neutral
❤❤️,1,Neutral
Who else watching this song on 27/11/2025,0,Question
"பாட்டின் வரிகள் மற்றும் பாடகர்களின் குரல்வளம் அருமை ,",3,Neutral
I really missed this movie in theatre 😔,1,Neutral
❤❤❤,0,Neutral
Melting voice ✨🤗💗,1,Neutral
Now my fav song🤕😩,1,Neutral
Sema Song .. ❤❤❤🥰🥰,1,Neutral
Recently addicted,2,Neutral
I love love love this song very much and varigalin vadivam azhago azhagu,1,Neutral
This  song  fully fresh feel ya,4,Neutral
I like malayalam version,0,Neutral
❤❤,0,Neutral
S iam also addicted 24.11.25,0,Neutral
Super,2,Positive
15 lakhs kuduthu udathava vendum om sri kubeyraya namaga,0,Neutral
2:20 lyriics ne ennum ennum❤,0,Neutral
"வேங்குழலில் இழைந்தாயடி
என் காதயே!
மென்மயங்கி கிடந்தேனடி
என் போதையே!

ஆண் : வேல் என்றருத்திடும் விழிகள்
இரண்டில் நீ தாக்கினாய்
உந்தன் மார்பை இருக்கிடும் துணியால்
என்னை நீ கைதாக்கினாய்
உலகே பொய்யடி
கனவே மெய்யடி
அதில் வாழ்வோமா பூங்கோதயே!…ஹோ

பெண் மற்றும் குழு : தீயென்ரெரியுங் காடொன்றில்
கீச்சாக் கிளிகள் உறவாட
நீண்டே விரியும் விசும்பென்றே
தீண்டா ஏக்கம் விரிந்தாட

ஆண் : வேங்குழலில் இழைந்தாயடி
என் காதயே!
மென்மயங்கி கிடந்தேனடி
என் போதையே!

ஆண் : துரும்பென இளைத்திவள் உருமாற
விருந்தாக எனை பறிமாற
பெண் : கருங்கணி சுவையினில் உயிர் ஊற
துரந்தேனே நாணம் வெறியேற

ஆண் : நீ இன்னும் இன்னும் இன்னும் இன்னும் வேண்டுமே
என எனதிதழ் உனதுஉடல் தீண்டுமே
பெண் : ஏ உனை இடையனி என பூண்டுவேண்
நீ இறங்கிட இருதயம் தூண்டுமே

ஆண் : உறங்காதேரேனோ
உயிராய் மாறேனோ
வலிதாங்காயோ பூங்கோதயே!…ஹோ

பெண் மற்றும் குழு : தீயென்ரெரியுங் காடொன்றில்
கீச்சாக் கிளிகள் உறவாட
நீண்டே விரியும் விசும்பென்றே
தீண்டா ஏக்கம் விரிந்தாட",2,Neutral
Semma song,0,Positive
1:41,0,Neutral
🫠🫠🫠💙💙💙💙💙💙💙💙,0,Neutral
"சத்தியன் அவர்களுக்கு மனமார்ந்த நன்றிகள் 

திறமையை மண்ணுக்குள்ளே மூடி வச்சாலும் வெளியூல வந்துதான் ஆகும் அது திறமையின் நியதி",0,Neutral
Anyone 21:11:2025,0,Neutral
Felt like crying while hearing this song🥹❤️‍🔥,0,Neutral
Bgm 🤗🤗🤗,0,Neutral
"Karnataka, hindi, Delugu, malayalam, this song play But Not Good 
Tamil This Song Lyrics, Voice Sema Super Very Super 👌👌👌💥💥🔥🔥🔥👌",1,Negative
💖🎧💖,0,Neutral
படம் பார்த்த முதல் தினமும் இந்த பாடலை கேட்டுக்கிட்டே இருக்கேன்,2,Neutral
"வெய்ங்‌குழலிழைந்தாயடீ
என் காதையே!
மென்மயங்கிக் கிடந்தேனடீ
என் போதையே!

வேலென்றறுதிக்கும் விழிகள்
இரண்டும் நீ தாக்கினாய்
உந்தன் மார்பை இருக்கும் துணியால்
என்னை நீ கைதாக்கினாய்

உலகே பொய்யடீ
கனவே மெய்யடீ
அதில் வாழ்வோமா பூங்கொதையே!

தீயென்-றெரியும் காடொன்றில்
கீசாக் கிளிகள் உரவாட
நீண்டெ விரியும் விசும்பென்றே
தீண்டா ஏக்கம் விரிந்தாட

வெய்ங்‌குழலிழைந்தாயடீ
என் காதையே!
மென்மயங்கிக் கிடந்தேனடீ
என் போதையே!

துரும்பென இளைத்திவள் உருமாற
விருந்தாக என்னை பரிமாற
கருங்கனி சுவையில் உயிர் ஊற
துறந்தேனே நாணம் வெறியேற

நீ இன்னுமின்னுமின்னும் வேண்டுமா
என எனதிதழ் உனதுடல் தீண்டுமா
ஏ உனை இடையணியென பூண்டுமா
நீ இறங்கிட இதயம் தூண்டுமா

இறங்காதேரோ
உயிராய் மாறேனோ
வலித்தாங்கயோ பூங்கொதையோ!

தீயென்-றெரியும் காடொன்றில்
கீசாக் கிளிகள் உரவாட
நீண்டெ விரியும் விசும்பென்றே
தீண்டா ஏக்கம் விரிந்தாட

வேலென்றறுதிக்கும் விழிகள்
இரண்டும் நீ தாக்கினாய்
உந்தன் மார்பை இருக்கும் துணியால்
என்னை நீ கைதாக்கினாய்

உலகே பொய்யடீ
கனவே மெய்யடீ
அதில் வாழ்வோமா பூங்கொதையே",2,Neutral
உங்கள் சிரிப்பு நன்றாக இருந்தது❤😊😊😊,0,Neutral
Rishab  Shetty song,0,Neutral
❤❤❤❤,0,Neutral
❤❤❤❤❤,0,Neutral
Dedicated to my azhagamma,0,Neutral
❤,0,Neutral
20 11 2025❤,1,Neutral
Who is watching on 19/11/2025 10.40pm,0,Question
0:11,0,Neutral
0:11,0,Neutral
❤❤❤🎉,0,Neutral
1:26 is amazing parts in this song❤❤❤,0,Positive
"Tamil is more better than other language 

Especially lyrics and singers",0,Neutral
0:59 to 1:25 🕯️,0,Neutral
Tamil version ❤❤❤❤❤❤,0,Neutral
Mandaika oodite iruku indha song😍😍😍🤌🏻❤️💥,1,Neutral
Theater feel hitz different😍😍😍✨ loop song🎀🧚🏻‍♀😇,1,Neutral
❤,0,Neutral
Therter la intha song nan sariya experience pannala ipo nalla irukku good song,0,Positive
"வைரமுத்து எனும் (வரி)ப்புலிக்கு 
பிறந்த குட்டிப்புலியின்
வரிகள் :மதன்கார்க்கி🧡🐯🔥",1,Neutral
Semma song,0,Positive
"Still addicted to this song ❤
What a voice ☺️😍",0,Neutral
Theatre goosebumps❤️🔥,0,Neutral
Anyone today❤❤❤,0,Neutral
Great lyrics ❤❤❤❤❤❤❤❤❤❤❤❤❤❤❤❤❤,0,Positive
Lyrics super ❤,0,Positive
Pls release orginal tamil dubbed version tamil subtitles add pls,0,Neutral
WOW song,0,Neutral
Heart touching music n voice....song..,0,Neutral
"I Love this Song. My daily morning routine to hear this song.
Rishab thanks for creating such a song which makes goosebumps everytime we hear it. You deserve an Oscar award. For Kanthara.  I wish you all the best",0,Positive
"I Love this Song became my daily morning routine to hear this song.
Rishab thanks for creating such a song which makes goosebumps everytime we hear it. You deserve an Oscar award. For Kanthara.  I wish you all the best",0,Positive
ஊருற வீட்டுட் போயிட ஏதும் வராது 😢,0,Neutral
Super 💖,0,Positive
"0:16 this BGM is i travel this pace,i listen it",1,Neutral
Very amazing beautiful lovely (etc..... )song  ❤❤❤❤❤😊😊😊😊😊,1,Positive
1:40ses🥰🥰🥰🥰,0,Neutral
tamil version of this song is very nice,1,Positive
Platinum ✨❤️😌,0,Neutral
I like this movie and this movie 's song,0,Neutral
Anyone lestening every day this song😊,10,Neutral
Love this song so much.that chemistry is a perfect one.more than 50 times here it❤,0,Positive
Awesome ❤,0,Positive
Very Nice song❤ my favorite now🙌🏻,0,Positive
Tamil is always a sweet language   along with nice music and lyrics 💗🤩,1,Positive
Pure tamil words ✴️ proud to be a tamilian 🎉,2,Neutral
Malayalam another level💥,0,Neutral
0.17,2,Neutral
தூய தமிழ் வரிகள் பாட்டை மேலும் அழகாக மாற்றிவிட்டது,9,Neutral
Anyone listening today❤❤🎶🎶,4,Neutral
Something special about this song,1,Neutral
I like rishab shetty smile 😊,0,Neutral
முருகா உன் தமிழ்ச் ஓங்கி ஒலி க்க டும் ☀️ அதி அருணாச்சல..,1,Neutral
What a songg wowwwwwww❤❤❤❤❤,7,Question
1:27 🤤,0,Neutral
Could you please release the Karma  song from kantara 1 legend ..,0,Suggestion
Super song ❤❤❤,0,Positive
❤,0,Neutral
"Awesome movie. Awesome music, direction elame. Even the tiger looked like original. Avlo thathroobama irundhudhu.. not comparing with anyone. But still requesting new direction with new ideas inspite of the regular stories ..",1,Positive
Amazing flim❤❤❤❤❤❤,0,Positive
❤❤❤❤❤❤❤❤❤❤❤❤❤❤❤❤❤❤,0,Neutral
❤❤❤,1,Neutral
🎉❤❤❤❤,0,Neutral
1:13 melts me😌❤️,47,Neutral
Mind pa Oodite Iruku Song❤,1,Neutral
Recently addicted ❤❤❤,0,Neutral
❤,0,Neutral
❤❤❤,0,Neutral
❤ vera level feel bha,0,Positive
❤❤❤❤❤❤🌹🌹🌹🌹,0,Neutral
From kerala but singers voice and music vere level,2,Neutral
1:20 this lines❤️‍🩹,17,Neutral
Feeling songs 😢,1,Neutral
Hari Sankar voice is melting ❤,0,Neutral
"Madhan Karky rocks 🎉, you are really great man ❤",3,Positive
Super song feel love ❤❤,0,Positive
❤,0,Neutral
Whole movie starting to finish fully goosebumps 🔥🔥🔥,2,Neutral
Royal salute to veer marati people. And our Ilaiyaraja sir is there unite Bharat people as one,0,Neutral
"I heard all languages version, Tamil is top",4,Neutral
11/11/2025💙,1,Neutral
Why this song is so short !!,0,Question
"Male : Vaeynguzhalil izhaindhaayadi
En kaadhaiyae!
Menmayangi kidandhaenadi
En boadhaiyae!

Male : Vael endraruthidum vizhigal
Irandil nee thaakkinaai
Undhan maarbai irukkidum thuniyaal
Enai nee kaidhaakkinaai
Ulagae poiyadi
Kanavae meiyadi
Adhil vaazhvomaa poongoadhaiyae..hoo

Female and Chorus : തീ എൻഡ്രേരിയും കാടൊൻഡ്രിൽ
കീച്ചാ കിളികൾ ഉറവാടാ
നീണ്ടേ വിരിയും വിസബെൻഡ്രെ
തീണ്ടാ യേക്കം വിരിന്താട്

Male : Vaeynguzhalil izhaindhaayadi
En kaadhaiyae!
Menmayangi kidandhaenadi
En boadhaiyae!

Male : Thurumbena ilaithival urumaara
Virundhaaga enai parimaara


Female : കരുങ്കനി ചുവയിനിൽ ഉയിർ ഊര
തുറന്തേനേ നാണം വെരിയേറ

Male : Nee innum innum innum innum vaendumae
Ena enadhidhazh unadhudal theendumae


Female : ഏ ഉനൈ ഇടയണി എന പൂണ്ടുവേൻ
നീ ഇറങ്കിടാ
 ഇരുദയം തൂണ്ടുമേ

Male : Urangaadhaeraeno
Uyiraai maaraenoaa
Valithaangaayoo poongoadhaiyae hoo

Female and Chorus : തീ എൻഡ്രേരിയും കാടൊൻഡ്രിൽ
കീച്ചാ കിളികൾ ഉറവാടാ
നീണ്ടേ വിരിയും വിസബെൻഡ്രെ
തീണ്ടാ യേക്കം വിരിന്താട്",1,Neutral
Recent addicted,0,Neutral
I found why the song was Excellent. Reason is lyrics is Madhan Karky🥵🔥🔥,5,Positive
Sound track super❤❤❤,1,Positive
"Congratulations to the wonderful music, lyrics, design, all the best to the film crew... ❤❤❤🎉🎉🎉",0,Positive
This song requires more views. After PS songs release this is the best Tamil melody in recent times,2,Positive
"கனகவதி - ரிஷப் செட்டி லவ் பண்ணும் போது என்னடா இது🤮🤮🤮🤮 அப்படித்தான் எனக்கு தோணுச்சு 😂.
 அது மட்டுமா அந்த குடிகார ராஜா தான் கனகவதி ஓட புருஷன் என்னடா இது கனகவதி கள்ளக்காதல் இருக்காங்களான்னு கூட நினைச்சேன்.😜
 அப்புறமா தான் தெரிஞ்சது அந்த குடிகாரன் ராஜா கனகவதி ஓட அண்ணன் என்று.
 கடைசி வரைக்கும் அந்த சின்ன பொண்ணு யாருன்னு சொல்லாமலே முடிச்சிட்டானுங்க. 😢",1,Neutral
Latest adiitt,0,Neutral
Sema feeling,0,Neutral
I'm watching this daily atleast once 😅,2,Neutral
Fav song❤❤❤❤❤❤,0,Neutral
அப்பனா பத்தி தான் சொல்லுத என்னன்னு தெரியல ஆன என்னமோ சொல்லுது இந்த பாட்டு மறக்க முடியாத நினைவுகளை கொடுத்திருக்கு நிறைய மக்களுக்கு,0,Neutral
Seme voice❤❤,1,Neutral
இந்தப் பாட்ட கேட்கும் போது உள்ளுக்குள்ள ஏதோ ஒன்னு தோணுது பா😊😊😊 வேற மாதிரி இருக்கு,1,Neutral
Super song ❤,0,Positive
"That music,Tamil lyrics evening in wonderful this song is marvelous....✨💗🌸☺️",0,Positive
"வேலென்றறுத்திடும் விழிகள் இரண்டில் நீ தாக்கினாய்!
உந்தன் மார்பை இருக்கிடும் துணியால் எனை நீ கைதாக்கினாய்!
உலகே பொய்யடி!
கனவே மெய்யடி!
அதில் வாழ்வோமா பூங்கோதையே....❤️ 
Now a days, it's rare to see these type of lyrics even in tamil songs also, but karky had made the most beautiful lyrics in a dubbed song!✨",8,Positive
Amazing song 🎉❤,0,Positive
0:16 BGM ❤Vera level,0,Positive
Absolutely all hail to the Kannada Movie Industry. But you need to hear this song in Tamil. The lyrics and voices match beyond perfect.,15,Positive
Ahhh ahhh❤❤❤❤,0,Neutral
Wow🎉❤❤🎉,0,Neutral
😢,0,Neutral
Indha song na en ammakku deket pandren ❤❤❤❤❤❤❤❤ download video pottukku thanks,0,Neutral
1:25 2:37,0,Neutral
Song ❤,0,Neutral
இது போன்று படம் பார்த்து இல்லை இது போல் படம் இது மாதிரி யாரலும் இனிமேல் எடுக்க முடியாது. நன்றி சார்,1,Neutral
Very super song,0,Positive
❤❤❤❤❤,0,Neutral
Melt melt melt ❤,1,Neutral
Ava than da periya velaya pathutu poita 😂😂,0,Neutral
Earworm,0,Neutral
💯 watched,1,Neutral
Negative lady villan of this movie kantara chapter 1 but God winning climax thank you,0,Neutral
😢😢😢😢😢😢😢😢😢😢😢,0,Neutral
Good god movie of Indian cinema forever world of cinema,0,Positive
Such a lovable song,0,Neutral
Tamil and Malayalam version hits 🎧🎼💯Different feel from my heart 😍🥰❤‍🩹,0,Neutral
ena kaapathunga ingaiye than irukan 😢😢😢,1,Neutral
KS Harishankar ❤🎤❤️👌👌,1,Neutral
Addict the song ❤,0,Neutral
❤❤❤,0,Neutral
Recent addicted this song,3,Neutral
How many times to hear no boring🎉🎉🎉🎉 10 tens a day❤❤❤,3,Question
Iam addicted ❤❤❤❤❤❤,2,Neutral
Song watch every day  bgm😊,0,Neutral
பிறந்தநாள் வாழ்த்துக்கள் மலையாள கிறித்தவ திருமகன் . செபாஸ்டின் சைமன் அவர்களே!,0,Neutral
Wow this is song is getting  favourite ❤🎉,0,Neutral
Mani Kandan dubbing is ❤awesome ❤,0,Positive
Soo good,0,Positive
❤favv song✨,0,Neutral
கடைசியாக ஹீரோயின்  வில்லியானு பாக்கும்போது கஷ்டமாக இருந்தது😢,1,Neutral
❤️‍🔥❤️‍🔥❤️‍🔥😇,1,Neutral
Same tune the first and second part of two songs.i feel it,1,Neutral
1:26,1,Neutral
So nice love feeling 💕😍,0,Positive
Voice of chinmayii ❤,4,Neutral
Sema song,0,Neutral
Best movie + songs year 2025,0,Positive
Loop mode is on 😌💎,1,Neutral
Indian cinema 🎥 😍,0,Neutral
Nice song❤,1,Positive
0.43 - 0.46 Is that Calling bell sound? am i the only one hearing this? 😅,2,Question
❤,0,Neutral
Music hit my mind 😇 lyrics hit my heart ❤️ kantara hit wordwide 🎉❤....🙏🙏🙏,1,Neutral
"Fantastic song like singara siriye, Ajaneesh is something else man",3,Positive
loop mode 3 days ❤❤❤🎉🎉,1,Neutral
Oru mathi mind la odditu eruku nice song 😊😊😊🫠🫠🫠,6,Positive
Tamil la awesome ha irukku ❤male voice melting me 😌,17,Positive
one of my favourite lovable song and the portion of thurumbenay illaithu ival illaipara awesome part of this  whole song😇🥰😍❣,0,Positive
24/7 on loop❤,3,Neutral
Next time please change the heroine..she looks like old lady,1,Suggestion
Theatre experience is awesome😊,1,Positive
I love this song ❤😍,1,Neutral
❤,0,Neutral
❤❤❤❤❤❤❤❤❤❤❤❤❤,1,Neutral
எனக்கு மிகவும் பிடித்த பாடல்  படம் இது தான்❤❤❤❤❤,1,Neutral
❤,1,Neutral
"Whole song

Those who don't know - 😍🥰😘
Those who know - 💀☠️👹",2,Neutral
Male voise yaru solla mutiyuma,1,Neutral
"வேங்குழலில் இழைந்தாயடி என் காதையே 
மென் மயங்கி கிடந்தேனடி என் போதையே 
வேலென்றருத்திடும் விழிகள் 
இரண்டில் நீ தாக்கினாய்
உந்தன் மார்பை இறுக்கிடும் துணியால் 
என்னை நீ கைதாக்கினாய்
உலகே பொய்யடி, கனவே மெய்யடி 
அதில் வாழ்வோமே பூங்கோதையே! ஹோ.....
தீயின்றெரியும் காடொன்றில், 
கீச்சா கிளிகள் உறவாட 
நீண்டே விடியும் விசும்பென்றே  
தீண்டா ஏக்கம் விரிந்தாட
வேங்குழலில் இழைந்தாயடி என் காதையே.. 
மென் மயங்கி கிடந்தேனடி என் போதையே...
துரும்பென இளைத்திவள் உருமாற 
விருந்தாக எனை பரிமாற 
கருங்கனி சுவை இதில் உயிர் ஊர 

துறந்தேனே நானும் வெறியேர

நீ இன்னும் இன்னும் இன்னும் வேண்டுமே 

என எனதிதழ் உனதுடல் தீண்டுமே
உன இடை அணியெத பூண்டுமே 
நீ இறங்கிட இருதயம் தூண்டுமே
இறங்காதேறேனோ உயிராய் மாறேனோ 
வலி தாங்காயோ பூங்கோதையே! ஹோ.....
தீயின்றெரியும் காடொன்றில், 
கீச்சா கிளிகள் உறவாட 
நீண்டே விடியும் விசும்பென்றே
தீண்டா ஏக்கம் விரிந்தாட
வேலென்றருத்திடும் விழிகள் 
இரண்டில் நீ தாக்கினாய்
உந்தன் மார்பை இறுக்கிடும் துணியால் 
என்னை நீ கைதாக்கினாய்
உலகே பொய்யடி, கனவே மெய்யடி 
அதில் வாழ்வோமே பூங்கோதையே! ஹோ.....
சினிமா ரசிகர்களுக்கு நாளை செம ட்ரீட் தான்..",1,Neutral
I like this song very much,1,Neutral
Matha languages la  indha song keta but nama tamil la indha song keka song honey la dip paninadhu pola ituku ❤,2,Neutral
❤❤❤,1,Neutral
சூப்பர் song My favourite lovely song ❤❤❤❤❤❤❤❤,2,Neutral
"இது போன்ற படமும் , பாடல்களும் அதன் வரிகளும் தமிழ் சினிமாவில் காணல் நீராகி போனதே...😢",187,Neutral
❤,0,Neutral
Watched four times so far in a theatre near my house! ❤️ Kantara 😊,2,Neutral
"🙋‍♂️யாரும் இல்லை 2026..?? 
🔥🔥
இந்த பாடல் எனக்கு மிகவும் பிடிக்கும் ❤️❤️",1,Question
0:16 music 🫠💗✨,1,Neutral
"No much hype , no travel for promotion, no major stars from other industry  for regional reach, no big name actors. Only Pure visual, bgm , song and content❤",2,Neutral
1.46 to 1.53 voice 🫠🫠,0,Neutral
Both Malayalam and Tamil 😭❤️‍🩹,0,Neutral
"Lovely 🌹😍🎉❤️💝💕🩷💟🥳 i can't explain in a word 
The BGM ❤❤❤❤❤❤❤",0,Neutral
Tamil Version hits different ❤️,4,Neutral
Great Musician❤,1,Positive
0:15 apdiye .....🤯😩😫😵😵‍💫😇,0,Neutral
Oru alaya ava kalaya ava 😂😂 intha paata keluga da,0,Neutral
Super heart touch ❤song and my ringtone addict song melt voice one❤❤❤🎉🎉🎉🎉,0,Positive
Vera level songs varigal vera level ❤❤❤,0,Positive
Rishep shetty 🧲Manikandan voice 🤯 🔥🔥,1,Neutral
Music+male voice ❤,1,Neutral
Beautiful song ❤❤❤❤❤,0,Positive
Beautiful meaningful lines in Tamil after PS😍❤ Composition and voice 😍❤️❤️❤️lovely... captivating ..both visual and listening ❤❤❤loved it😍❤️,2,Positive
"தீம் தனன தீம், தீம் தனன தீம்

ததரி தரி தநி 

ததரி ததரி ததரி தா.....

வேங்குழலில் இழைந்தாயடி என் காதையே 

மென் மயங்கி கிடந்தேனடி என் போதையே 

வேலென்றருத்திடும் விழிகள் 

இரண்டில் நீ தாக்கினாய்

உந்தன் மார்பை இறுக்கிடும் துணியால் 

என்னை நீ கைதாக்கினாய்

உலகே பொய்யடி, கனவே மெய்யடி 

அதில் வாழ்வோமே பூங்கோதையே! ஹோ.....

தீயின்றெரியும் காடொன்றில், 

கீச்சா கிளிகள் உறவாட 

நீண்டே விடியும் விசும்பென்றே  

தீண்டா ஏக்கம் விரிந்தாட

வேங்குழலில் இழைந்தாயடி என் காதையே.. 

மென் மயங்கி கிடந்தேனடி என் போதையே...

துரும்பென இளைத்திவள் உருமாற 

விருந்தாக எனை பரிமாற 


கருங்கனி சுவை இதில் உயிர் ஊர 

துறந்தேனே நானும் வெறியேர

நீ இன்னும் இன்னும் இன்னும் வேண்டுமே 

என எனதிதழ் உனதுடல் தீண்டுமே

 

உன இடை அணியெத பூண்டுமே 

நீ இறங்கிட இருதயம் தூண்டுமே

இறங்காதேறேனோ உயிராய் மாறேனோ 

வலி தாங்காயோ பூங்கோதையே! ஹோ.....

தீயின்றெரியும் காடொன்றில், 

கீச்சா கிளிகள் உறவாட 

நீண்டே விடியும் விசும்பென்றே

தீண்டா ஏக்கம் விரிந்தாட

வேலென்றருத்திடும் விழிகள் 

இரண்டில் நீ தாக்கினாய்

உந்தன் மார்பை இறுக்கிடும் துணியால் 

என்னை நீ கைதாக்கினாய்

உலகே பொய்யடி, கனவே மெய்யடி 

அதில் வாழ்வோமே பூங்கோதையே! ஹோ",1,Neutral
❤😍💥,0,Neutral
A visually appealing piece of work but tbh this script is a total piece of crap 💩 no disrespect to people who believe in this peculiar god in I suppose....,0,Neutral
"Masterpiece delivered from the kannada industry to the tamil audience ❤
it's sad that recent times can't hear such songs in Tamil movies",4,Suggestion
Recent addiction.. ❤,0,Neutral
"mesmerizing voice, music, lyrics and visuals",1,Neutral
Coll song❤😮😊🫠🫠🎉,0,Neutral
Last la dhan twist!😊,0,Neutral
I bet this song is going to go viral with anyone having a bike ! Awesome !!!,2,Positive
I am very addictive to this song,2,Neutral
Madhan karki❤,1,Neutral
அந்த இதய துடிப்பு ...wow! In the library Maestros provides personal time for us,1,Neutral
❤❤❤❤❤❤❤❤❤❤❤,0,Neutral
Really awesome❤❤❤,1,Positive
"Use lyricists like this. Nowadays they only wrote just a hero elevation song, written like what their fans need. Cinema always needs poetic songs like this. Just giving songs which are trending in insta before release of the film is needed to stop. Strong lyrics and music hold the songs.",0,Neutral
This year 2times of watch in theatre this flim🎉🎉❤,0,Neutral
Subscribed🎉,0,Neutral
2.11 is magic potion ❤❤,0,Neutral
❤❤❤ 0:29,2,Neutral
Tamil audience 🙋,2,Neutral
Addict this song,0,Neutral
Lyrics tamil la potruntha nalla irukum,0,Positive
Indha song oru madhiri pannidhu mandaikulla...idhella innum konjam naal la ennala keka mudiyathu nu nenaikumbodhu dha kastama irukku.....indha movie la vara mathiri ennaiyum oru ponnu yemathita.....avalachum nalla irukkattum.,0,Neutral
Super sang,1,Positive
Bgm vera level❤,0,Positive
❤❤❤❤❤❤,0,Neutral
It remains கண்ணீரே கண்ணீரே song from uyire,0,Neutral
1:26  portion ✨💫,1,Neutral
Adiboli song,0,Neutral
Theatre la intha song paakum pothu chumma apdi irunthuchi ❤kitta thatta addict aagiten intha song ku😍😘❤️🥰💓💕♥️,1,Neutral
Dedicate this song for my future girl ❤,0,Neutral
"Madhan karky sir you nailed it, this is one of your best...",18,Positive
❤❤❤❤❤❤❤❤❤❤❤❤❤❤❤❤❤❤❤❤❤❤,0,Neutral
Chinmayi made this dozen times better than kannada version....,3,Neutral
2:48 the walk though🤌😍,4,Neutral
Chinmayi🎉🎉,2,Neutral
Karky - ன் கைவண்ணம்❤ (Lyrics)🔥🔥🔥,23,Neutral
Listening for past 10days so good😊😊,7,Positive
those who experienced this song in a good sounded theater🤯💖💘😭,2,Positive
Pa enna song 🎵 ❤❤,1,Neutral
last stanza is missing in this version but in theaters the last stanza came check the lyrics they gave,0,Neutral
Magical songs ❤❤,0,Neutral
My recent addiction ❤ lovely that song and kanagavathi,0,Neutral
0:20 amazing,0,Positive
Theaterla kettapo ennaiya  thoalachi nane rasicha  song ithu.❤❤❤❤❤❤❤,1,Neutral
2:11 ❤️,0,Neutral
Beautiful song❤❤❤❤❤,0,Positive
"தீம் தனன தீம், தீம் தனன தீம்

தீம் தனன தீம், தீம் தனன தீம்

ததரி தரி தநி 

ததரி ததரி ததரி தா.....

வேங்குழலில் இழைந்தாயடி என் காதையே 

மென் மயங்கி கிடந்தேனடி என் போதையே 

வேலென்றருத்திடும் விழிகள் 

இரண்டில் நீ தாக்கினாய்

உந்தன் மார்பை இறுக்கிடும் துணியால் 

என்னை நீ கைதாக்கினாய்

உலகே பொய்யடி, கனவே மெய்யடி 

அதில் வாழ்வோமே பூங்கோதையே! ஹோ.....

தீயின்றெரியும் காடொன்றில், 

கீச்சா கிளிகள் உறவாட 

நீண்டே விடியும் விசும்பென்றே  

தீண்டா ஏக்கம் விரிந்தாட

வேங்குழலில் இழைந்தாயடி என் காதையே.. 

மென் மயங்கி கிடந்தேனடி என் போதையே...

துரும்பென இளைத்திவள் உருமாற 

விருந்தாக எனை பரிமாற 


கருங்கனி சுவை இதில் உயிர் ஊர 

துறந்தேனே நானும் வெறியேர

நீ இன்னும் இன்னும் இன்னும் வேண்டுமே 

என எனதிதழ் உனதுடல் தீண்டுமே

 

உன இடை அணியெத பூண்டுமே 

நீ இறங்கிட இருதயம் தூண்டுமே

இறங்காதேறேனோ உயிராய் மாறேனோ 

வலி தாங்காயோ பூங்கோதையே! ஹோ.....

தீயின்றெரியும் காடொன்றில், 

கீச்சா கிளிகள் உறவாட 

நீண்டே விடியும் விசும்பென்றே

தீண்டா ஏக்கம் விரிந்தாட

வேலென்றருத்திடும் விழிகள் 

இரண்டில் நீ தாக்கினாய்

உந்தன் மார்பை இறுக்கிடும் துணியால் 

என்னை நீ கைதாக்கினாய்

உலகே பொய்யடி, கனவே மெய்யடி 

அதில் வாழ்வோமே பூங்கோதையே! ஹோ.....",0,Neutral
Avalum ❤️✨💙 Nanum,0,Neutral
Loop songs I'm melting 💙💙💙💙😻🫠,2,Neutral
மிகவும் அற்புதமான பாடல் தினந்தோறும் 10 முறையாவது கேட்டு விடுவேன் இசையும் பாடல் வரிகளும் அற்புதம்,1,Neutral
"2 : 42, 2 : 46 she looks dashing",0,Neutral
Nice song,1,Positive
2.14 ayyayo ennaya ipdi iruku,1,Neutral
Melody o melody ❤❤❤,1,Neutral
தியேட்டர் experience amazing🎉,1,Positive
I am bengali I love this song  ❤,0,Neutral
So very nice,0,Positive
Lyrics Engineer MADAN KARKY MASS❤❤❤,6,Positive
❤,0,Neutral
மீண்டும் பார்க்க தூண்டும் படம்,1,Neutral
"Listened all the versions, but tamil version is just awesome ❤",9,Positive
Fantastic song ❤❤❤❤,0,Positive
2:46 💀IYKYK,1,Neutral
அருமையான பாடல் வரிகள் அருமை வசனம் எழுதினார் 🎉❤,1,Neutral
From every language Tamil❤❤❤,0,Neutral
🥲😮‍💨,0,Neutral
1:42  bass boosted 💥💥,7,Neutral
This bgm❤❤❤❤❤❤❤❤❤❤,0,Neutral
"தீம் தனன தீம், தீம் தனன தீம்

தீம் தனன தீம், தீம் தனன தீம்

ததரி தரி தநி 

ததரி ததரி ததரி தா.....

வேங்குழலில் இழைந்தாயடி என் காதையே 

மென் மயங்கி கிடந்தேனடி என் போதையே 

வேலென்றருத்திடும் விழிகள் 

இரண்டில் நீ தாக்கினாய்

உந்தன் மார்பை இறுக்கிடும் துணியால் 

என்னை நீ கைதாக்கினாய்

உலகே பொய்யடி, கனவே மெய்யடி 

அதில் வாழ்வோமே பூங்கோதையே! ஹோ.....

தீயின்றெரியும் காடொன்றில், 

கீச்சா கிளிகள் உறவாட 

நீண்டே விடியும் விசும்பென்றே  

தீண்டா ஏக்கம் விரிந்தாட

வேங்குழலில் இழைந்தாயடி என் காதையே.. 

மென் மயங்கி கிடந்தேனடி என் போதையே...

துரும்பென இளைத்திவள் உருமாற 

விருந்தாக எனை பரிமாற 


கருங்கனி சுவை இதில் உயிர் ஊர 

துறந்தேனே நானும் வெறியேர

நீ இன்னும் இன்னும் இன்னும் வேண்டுமே 

என எனதிதழ் உனதுடல் தீண்டுமே

 

உன இடை அணியெத பூண்டுமே 

நீ இறங்கிட இருதயம் தூண்டுமே

இறங்காதேறேனோ உயிராய் மாறேனோ 

வலி தாங்காயோ பூங்கோதையே! ஹோ.....

தீயின்றெரியும் காடொன்றில், 

கீச்சா கிளிகள் உறவாட 

நீண்டே விடியும் விசும்பென்றே

தீண்டா ஏக்கம் விரிந்தாட

வேலென்றருத்திடும் விழிகள் 

இரண்டில் நீ தாக்கினாய்

உந்தன் மார்பை இறுக்கிடும் துணியால் 

என்னை நீ கைதாக்கினாய்

உலகே பொய்யடி, கனவே மெய்யடி 

அதில் வாழ்வோமே பூங்கோதையே! ஹோ.....",0,Neutral
1:26 her face while turning around 😂,1,Neutral
Rukmini classical dance awesome 🎉🎉😊,0,Positive
❤❤❤❤❤❤❤,0,Neutral
❤💖💘💝❣️💕💕💞,0,Neutral
அருமையான  பாடல்.மீண்டும் மீண்டும் கேட்க  தூண் டுகிறது,0,Neutral
💗👸😩,0,Neutral
Suiiiiiiiiiiiiiiiiiiiiiiiiiiiiiiiiiiii,0,Neutral
Enna voice ...melting....🎉,0,Question
"0:39 what a voice and lyrics!❤❤❤
Added in to my favourite playlist.",10,Neutral
"Rishab, Rukmani
BGM
Singers Harishankar and Chinmayi... Very Nice
Lighting
Cinematography
Art...
😍",1,Positive
Waiting to watch this song here.....it was such a beautiful experience in theatre!!!!!❤❤❤❤ Loving it,0,Positive
❤❤,0,Neutral
Bro literally taught us focus on goals not holes😂 if he was completely seduced ending would have been different,4,Neutral
Recent fav addict song 😊😊❤❤,4,Neutral
மூனு நாளா மனப்பாடம் பண்றேன் ஸ்கூல்ல  இப்படி இல்ல,1,Neutral
நீ இன்னும் இன்னும் இன்னும் இன்னும் வேண்டுமே ..... என எனதிதழ் உனதுடல் தீண்டுமே... what a lyric 👏 2:11  ❤❤🥰😇😇,8,Neutral
"Thanks for this, finally❤",0,Neutral
Mehabooba song mathiri thirumba thirumba ketta song,3,Neutral
அருமையான பாடல்.கேட்டுக்கொண்டே இருக்க தோணும்,0,Neutral
Vera level song😍,0,Positive
0.9x slow la vachu kelunga... Really melting  💞💓💓,1,Neutral
Indha song ah innum Konjam slow ah vachurkalam... My ever fav song.. Also my ringtone ❤❤❤,1,Neutral
Mesmerizing ❤️‍🔥,0,Neutral
Pls upload karma sad song also in tamil,0,Neutral
Chinmayi ❤,2,Neutral
Favorite song 💥❤vera level anu,0,Positive
Rukmini Vasanth walk at 2:47 is so beautiful 😻. I love her. She is really very pretty 😍,1,Positive
tamil and malayalam.......💎,1,Neutral
"Who are really appreciate this mind blowing voice ....
Share the feel",0,Question
Ajalesh Loknath...You deserve better place in Indian cinema industry🎉❤🔥,1,Neutral
Melodious Queen Chinmayi ❤,5,Neutral
Maarbai irukkum thuniyal enai kaithakinai 👌🏻👌🏻👌🏻,0,Neutral
Malayalam lyrics poli😍😍😍,0,Neutral
0:05 இப்ப கூட கேட்கும் போது போய் எதாவது தியேட்டர் available film இருக்கானு பாக்கரன்..5 தடவை பார்க்க,0,Neutral
2:39 டேய் யப்பா பாடனது யாருயா.. இசை யாரு... எத்தனை தடவையா கேட்கரது.. இந்த பாடலும் கர்மா பாடலும்.. நான் கேட்பன்யா போங்கயா.. எத்தனை தடவனாலும்.. இந்த பட பாடல்கள் கேட்டால் வேறு எதோ உலகத்துக்குல போற மாதிரி இருக்கு..என்னா மூலிகைடா 😂,0,Neutral
என் வாழ்க்கையில தியேட்டர்ல நான்கு முறை பார்த்த ஒரே படம் இது..இந்த பட பாடல் கேட்கும் போது எல்லாம் திரும்பவும் தியேட்டர் போய் பார்க்கனு தோனுது ❤❤❤❤ தீபாவளி எத்தனை படம் வந்தும் இதற்கு போட்டியில்லை,1,Neutral
❤❤❤❤❤❤ wonderful music and lyrics ..,0,Positive
😇♥️♥️,0,Neutral
0:58 உந்தன் மார்பை இறுக்கிடும் துணியால் என்னை கைதாக்கினாய் - இந்த வரி எழுதிட்டு costume design பண்ணிங்களா இல்லை costume design பண்ணிட்டு பாடல் எழுதினீங்களா இந்த பாட்ட தியேட்டர் ல கேட்டும் போது i melted,197,Neutral
4.36 sivanukku aarathi kanbikkum katchiyil udal oru murai silirthu adangiyathu. Padathin pala idangalil  udal silirpathai unara mudinthathu. Enna oru thirai padam. Kadinamana ulaippu. Paratta vaarthai illai. Tamil cinimavai ninaithaal vetkamaga ullathu,1,Neutral
Wow what a song,0,Neutral
But its malayalam version ohh seen🥹❤️,0,Neutral
❤,0,Neutral
Heyy intha song romba nalla iruku oahh,0,Positive
❤️🔥😍,0,Neutral
I love this song ❤❤,0,Neutral
😩😩😩😩😩🥹🥹🥹🥹🥹😌😌😌,0,Neutral
❤,0,Neutral
Pov : theatre experience in this song 🎧😍💥🤌🏻,0,Neutral
Best music by ajaneesh. So different ❤❤,0,Positive
❤❤❤,0,Neutral
❤,1,Neutral
Rukku ❤️❤️❤️,0,Neutral
Since I watched this movie at the theatre. It never stopped running in my mind .❤❤ Violin tune was just awesome.,0,Positive
"ஆனா நான் கணிச்சு  விட்டேன் அந்த நகம் வெட்டும் போதும் முடியை வெட்டும் போதும் இந்த அம்மா ஏதோ சூழ்ச்சி பண்ண போது அப்படின்னு 😢😢😢
 அதுபோக அந்த கடைசி வசனம்....  
 வெளிச்சமா இருக்குன்னு மின்மினி பின்னாடி போயிடாதீங்க தொலைஞ்சு போயிடுவீங்க 💯💯💯🙌👍👍👍 தெளிவினும் தெளிவு hero🙏🙏🙏",7,Neutral
உலகே பொய்யடி....கனவே மெய்யடி....அதில் வாழ்வோமா பூங்கோதையே❤❤❤❤,172,Neutral
இந்தப் பாடலின் தமிழாசிரியர் யார் என்று கூறவும்....,0,Neutral
Successful ah Dilwali Evening show paarthachu awesome movie,0,Positive
1:22❤,0,Neutral
Rukku ❤❤😘😘,0,Neutral
❤❤❤❤❤❤,0,Neutral
Ponugala nambadinga guys,0,Negative
Crazy love song https://youtu.be/3P2eF3snaRo?si=NALrTRdUNoYXlNYF,0,Neutral
This bgm melding our heart 💥,0,Neutral
Everyone's favourite song of me ❤❤❤😂,1,Neutral
இந்த பாடலை அனிருத் கண்ணில் படும் வரை ஷேர் செய்யவும்,21,Neutral
Recently addicted to this song❤,0,Neutral
1:26 and 2:40 that girl voice is like heaven in theater 😇,0,Neutral
0:05 those who watched movie 🌚🌚🌚,0,Neutral
Nice song❤❤❤❤❤❤,0,Positive
Recently addict this song,0,Neutral
Literally stunning expressions. Rukmini you beauty 😍😍,3,Neutral
Melting voice kantara fav movie both chapter songs all songs good,0,Positive
Recent addiction,0,Neutral
Dubbed songs X Madhan karky lyrics 🐉🔥,0,Neutral
Male voice wow❤❤❤,0,Neutral
இந்த பாடல் வரிகள் கேட்டால் கல்லும் காமமுறும்,0,Neutral
Nice song .lyrics. Singers🎉 ❤❤..🎉🎉🎉.,0,Positive
Today watch... 👀.. 😍↕️,0,Neutral
Full hindi movie please dabbed ❤❤❤,0,Neutral
What a song uffff😮👀🎀 use headphones 🥂,1,Question
"1:26 -1:40 
Juzt wow ❣️🎶
Visual treats to eyes as well as ears 💓",1,Neutral
❤,0,Neutral
"❤💔😢 Theatre la Rukmini death tha feal panna pavam yaah.
☠️ 😢💔
*Rukmini yaah serai la pootu irukalam.
Illa na kantara alugaah Aadi maiii yaah vachi irukalam 💔💔",0,Neutral
Awesome lyrics awesome music song super 😍,0,Positive
1:25 fav ❤😊,0,Neutral
This song is just a breath of fresh air ❤❤❤,0,Neutral
ನಾನೂ ಶಿವಣ್ಣನ ಅಭಿಮಾನಿ ಆದ್ರೆ!!! ಕಮ್ಯುನಿಸ್ಟ್ ಪಕ್ಷ ಹೇಗೂ ಕಾಂಗ್ರೆಸ್ ಪಕ್ಷದ ಅಭ್ಯರ್ಥಿಗಳ ಕಥೆಗಳು ಇರುವ ಈ ಚಿತ್ರ ನಾನು ನೋಡlla! ✍🏻,0,Neutral
3:06 movie twist,27,Neutral
Every local temple must implement mandatory Gita classes on Sundays to instill moral and ethical values in students and upcoming generation,1,Neutral
"அருமையான பாடல் ,ஆனால் இப்படத்தில் பெருமாளை (ராமன்,கோதை, ஆண்டவர் பக்தர்களை) தீயதாக வர்ணிக்க பட்டதை என்னி நான் வருந்துகிறேன்..😢",0,Neutral
Theatre Experience gives a different vibe 💥🥺💕,7,Neutral
Nice song in tamil,4,Positive
Become my fav on the 1st lyrics and music,1,Neutral
❤,0,Neutral
After the intermission the real villain 😂😂,0,Neutral
இந்த வரிகளை வர்ணித்து இருக்கிறார்கள் வரிகளால் வர்ணிப்பது வேறு வரிகளையே வர்ணித்து அதில் இசை வைரமாய் குரல் மகுடமாய்....மொத்தத்தில் மயக்கம் வரிகள் இசை பாடியவர்கள் என அனைவருக்கும் தலை வணங்குகிறேன்🙏,3,Neutral
I'm madly addicted to this song❤❤❤❤,0,Neutral
தமிழ் படம் நிறைய வந்து இருக்கு. இருந்தாலும் நான் நேற்று திரும்பவும் இந்த படம் குடும்பதுடன் சென்று பார்த்தோம். 15 நாள் முன்னாடி இதே படம் பார்த்தேன்.😭😭😭😭 ரொம்ப சந்தோஷமா இருக்கு இந்த படம் எத்தனை முறை பார்த்தாலும்🤗🤗... தமிழ் சினிமாவில் சாமி படம் வந்து 10 வருடம் ஆகி இருக்கும் போல😢😢😢 ஜாதி படங்கள் மட்டும் வருது😢😢😢 அறைத்த மாவை அறைகிறார்கள் 😢😢😢 அதன் ஏக்கம் தான் இந்த படம் 😭😭😭😭😭 மீண்டும் மீண்டும் பார்க்க வேண்டும் என நினைக்கிறேன்,1,Neutral
I like this song in the Tamil versions more than others...🥰🥰🥰,6,Neutral
heros writing and singing songs ruined this kind of songs,0,Neutral
singara siruku vibe song..❤❤,0,Neutral
Addicted 🥰🥰🥰,0,Neutral
Loop mode meterial ❤,4,Neutral
Madhan karky❤,0,Neutral
Amazing song ❤,0,Positive
Tamil movies kuda ivlo azhaga tamil ah lyrics la use panna matranga... Thank you lyrics writer of this song 🙏🏻,7,Neutral
"இன்னும் இன்னும் இன்னும் வேண்டுமே 

என எனதிதழ் உனதுடல் தீண்டுமே",0,Neutral
"Kantara(2022) - He semmandha azhage ❤

Kantara chapter 1 - This song❤

Thank you Ajaneesh to make these masterpiece with great singers and lyricist",5,Positive
"Literally the same as Ponniyin selvan (costumes, sceneries, etc) 😄",0,Neutral
❤❤❤melting 🫠 ❤❤Vera level feeling this song❤music super,1,Positive
Nice song,1,Positive
2:38 mass voice and lyrics,26,Positive
திரும்ப திரும்ப கேட்கிறேன் ❤❤,13,Neutral
வெளிச்சமா இருக்குனு மின்மினி பூச்சி பின்னாடி போகாதிங்க தொலைஞ்சி போயிடுவிங்க,111,Neutral
Both kantara have the best Love portraits elevation song ever❤,1,Positive
Tamil song super❤,0,Positive
"Intha song tamil lyrics Avalo azhaga iruku,",4,Neutral
Mesmerizing🎉❤,0,Neutral
"தீம் தனன தீம், தீம் தனன தீம்


தீம் தனன தீம், தீம் தனன தீம்

ததரி தரி தநி 

ததரி ததரி ததரி தா.....

வேங்குழலில் இழைந்தாயடி என் காதையே 

மென் மயங்கி கிடந்தேனடி என் போதையே 

வேலென்றருத்திடும் விழிகள் 

இரண்டில் நீ தாக்கினாய்

உந்தன் மார்பை இறுக்கிடும் துணியால் 

என்னை நீ கைதாக்கினாய்

உலகே பொய்யடி, கனவே மெய்யடி 

அதில் வாழ்வோமே பூங்கோதையே! ஹோ.....

தீயின்றெரியும் காடொன்றில், 

கீச்சா கிளிகள் உறவாட 

நீண்டே விடியும் விசும்பென்றே  

தீண்டா ஏக்கம் விரிந்தாட

வேங்குழலில் இழைந்தாயடி என் காதையே.. 

மென் மயங்கி கிடந்தேனடி என் போதையே...

துரும்பென இளைத்திவள் உருமாற 

விருந்தாக எனை பரிமாற 


கருங்கனி சுவை இதில் உயிர் ஊர 

துறந்தேனே நானும் வெறியேர

நீ இன்னும் இன்னும் இன்னும் இன்னும் வேண்டுமே 

என எனதிதழ் உனதுடல் தீண்டுமே

 

உன இடை அணியெத பூண்டுமே 

நீ இறங்கிட இருதயம் தூண்டுமே

இறங்காதேறேனோ உயிராய் மாறேனோ 

வலி தாங்காயோ பூங்கோதையே! ஹோ.....

தீயின்றெரியும் காடொன்றில், 

கீச்சா கிளிகள் உறவாட 

நீண்டே விடியும் விசும்பென்றே

தீண்டா ஏக்கம் விரிந்தாட

வேலென்றருத்திடும் விழிகள் 

இரண்டில் நீ தாக்கினாய்

உந்தன் மார்பை இறுக்கிடும் துணியால் 

என்னை நீ கைதாக்கினாய்

உலகே பொய்யடி, கனவே மெய்யடி 

அதில் வாழ்வோமே பூங்கோதையே! ஹோ.....

இவன் ❤💙 செல்வா ❤️💙",1,Neutral
Theatre experience of this song was ❤❤❤❤,2,Neutral
எல்லா மொழிகளிலும் இந்த பாடல் கேட்டாலும் தமிழ் மொழியில் ஆஆஆஆஆஆ மிகச் சிறப்பு❤❤❤❤❤❤,62,Neutral
Waiting for this song only🎉,0,Neutral
இந்த பட்டு தியேட்டரில் பார்க்கும் போது மிகவும் அருமையாக இருந்தது..,6,Neutral
என்  சிவபெருமானுக்கு ஈடு ஏதும் ஏதும்,1,Neutral
"""All that glitters are not Gold"" proverb proven in this Film",1,Neutral
"Lord shiva never agitated by any women other than mohini who is vishnu himself,he is such a perfect yogi..,here same they replicated , though kankavathi is so much beautiful berme not fallen for her,but he believed,when everyone is expected chewing after chewing princess and normal man loving and story goes behind,but this is complete masterpiece..""All that glitters are not gold"" perfect example kankavathi",0,Positive
❤,1,Neutral
❤❤❤,2,Neutral
1:26 chinmayi......🥰🔥,25,Neutral
2:48 ❤❤,14,Neutral
Awsome presentation,2,Neutral
Am I the only one who felt malayalam version is better?,1,Question
Actor Manikandan voice dub was perfect ❤,1,Positive
சூப்பர் சாங்  ஐலைக் யூ சாங,1,Neutral
2.11 ultimate 🥰🥰🥰🥰🥰🥰🥰🥰🥰🥰🥰,2,Neutral
Madan karky should be celebrated but namba avaruku support pana matrom !,3,Suggestion
Tamil people giving support to this movie like bahubali .,51,Neutral
Tamil version lyrics awesome heart melting lines.... Recently addicted ❤️❤️❤️❤️❤️❤️❤️❤️❤️❤️❤️❤️❤️❤️❤️❤️❤️❤️❤️❤️❤️❤️,3,Positive
Eagerly Waiting for this one song 🎶🤌🏻❤️💎...,1,Neutral
"தீம் தனன தீம், தீம் தனன தீம்

ததரி தரி தநி 

ததரி ததரி ததரி தா.....

வேங்குழலில் இழைந்தாயடி என் காதையே 

மென் மயங்கி கிடந்தேனடி என் போதையே 

வேலென்றருத்திடும் விழிகள் 

இரண்டில் நீ தாக்கினாய்

உந்தன் மார்பை இறுக்கிடும் துணியால் 

என்னை நீ கைதாக்கினாய்

உலகே பொய்யடி, கனவே மெய்யடி 

அதில் வாழ்வோமே பூங்கோதையே! ஹோ.....

தீயின்றெரியும் காடொன்றில், 

கீச்சா கிளிகள் உறவாட 

நீண்டே விடியும் விசும்பென்றே  

தீண்டா ஏக்கம் விரிந்தாட

வேங்குழலில் இழைந்தாயடி என் காதையே.. 

மென் மயங்கி கிடந்தேனடி என் போதையே...

துரும்பென இளைத்திவள் உருமாற 

விருந்தாக எனை பரிமாற 


கருங்கனி சுவை இதில் உயிர் ஊர 

துறந்தேனே நானும் வெறியேர

நீ இன்னும் இன்னும் இன்னும் வேண்டுமே 

என எனதிதழ் உனதுடல் தீண்டுமே

 

உன இடை அணியெத பூண்டுமே 

நீ இறங்கிட இருதயம் தூண்டுமே

இறங்காதேறேனோ உயிராய் மாறேனோ 

வலி தாங்காயோ பூங்கோதையே! ஹோ.....

தீயின்றெரியும் காடொன்றில், 

கீச்சா கிளிகள் உறவாட 

நீண்டே விடியும் விசும்பென்றே

தீண்டா ஏக்கம் விரிந்தாட

வேலென்றருத்திடும் விழிகள் 

இரண்டில் நீ தாக்கினாய்

உந்தன் மார்பை இறுக்கிடும் துணியால் 

என்னை நீ கைதாக்கினாய்

உலகே பொய்யடி, கனவே மெய்யடி 

அதில் வாழ்வோமே பூங்கோதையே! ஹோ.....",0,Neutral
❤❤❤ My most favvvv,0,Neutral
Tamil version high pitch is better. Other 3 languages little bit flat i guess,2,Neutral
காந்தாரா அத்தியாயம் 1 மாபெரும் திரைப்படம்... இந்த தீபாவளி அன்று திரையரங்குகளில் கண்டு மகிழ்ச்சி அடைந்தேன்... Rishab shetty மற்றும் rukmini vasanth அவர்களின் நடிப்பு vera level வில்லதி வில்லி ருக்கு ❤❤❤,0,Positive
This goes straight into my playlist.. such a masterpiece❤,3,Neutral
"Just addicted to this song 
Tamil version is melting 😊😊",7,Neutral
இந்த பாடல் கேட்க ரொம்ப அருமையாக இருக்கும் இசை ❤,2,Neutral
after a long wait finally my favourite song is released ❤❤❤❤❤❤❤,1,Neutral
Indha amma valiya poi avan kita vilugara apove nenachen villangam Iruku nu,0,Neutral
Chinmayi ❤❤❤,1,Neutral
Don't trust girl 😭,0,Neutral
Amazing movie,1,Positive
"Fact like this songs and lyrics hard to find in direct tamil movies🎉 kudos to the composer, lyricist and singers❤",0,Neutral
This song is very nice. The Tamil version is very good. The music of Ajaneesh Loknath was superb and Hero Rishabh Shetty was very handsome and marvelous and Heroine Rukmini Vasanth was very nice and graceful. Singer Chinmayi's voice was beautiful and soothing. Lyricist Karky's lyrics were so good and perfect.,2,Positive
Na irukenla 😂 nethanama elathukum kaaranam😢,0,Neutral
Whole song is good ✨️ but these parts 1:25 and 2:40 ❤️‍🔥😍,1,Positive
Indha song ku thaanga wait pannittu irudnhan 🤩😍,0,Neutral
this song is struck in my mind,0,Neutral
Rukmini❤,0,Neutral
"உலகே பொய்யடி , கனவே(நீ மட்டும் )மெய்யடி ...  
நீ மட்டும் மெய்யடி எழுதி இருக்கலாம் ‌ ஆனா அந்த பொண்ணு கூட மெய் இல்லை. அதனால் வரிகளை அப்படி எழுதி இருக்காங்க",0,Neutral
Theatre experience was!!🔥🔥❣,0,Neutral
much waited song,1,Neutral
Set bgm❤️😍,0,Neutral
Song lyrics chattunu puriyadha maari irukkum but 02.04 la irundhu lyrics a uththu paatha ithu aairaththila orvan la vara reemasan song mari oru kavarchi song than ana andha kavarachi a madhan lyrics la kaamchurukkaru,0,Neutral
Song lyrics chattunu puriyadha maari irukkum but 02.04 la irundhu lyrics a uththu paatha ithu aairaththila orvan la vara reemasan song mari oru kavarchi song than ana andha kavarachi a madhan lyrics la kaamchurukkaru,0,Neutral
2025 deepavali song,0,Neutral
This song ku than waiting ✨❤️,0,Neutral
Blockbuster movie,1,Neutral
Vera level music🥺❤️‍🩹🥰,0,Positive
❤❤❤ அழகுணர்ச்சி மிகுந்த பாடல் ❤❤❤ தமிழின் அழகு❤❤❤,0,Neutral
Suggest..my favourite list❤,0,Neutral
My favourite part 1:25,0,Neutral
2:55 this image was amazing 🫶🏻 wow!! Butt this love is not truee😩...,42,Positive
Lyrics: madhan karky ❤,0,Neutral
"K S Harishankar's voice...✨❤All versions are good, but tamil hits hard... Love youhh frm Kerala🤗💗",81,Positive
❤❤❤❤❤❤❤❤❤❤❤❤,0,Neutral
Ma recent fav❤,0,Neutral
"Lyrics &  video,music 🔥",0,Neutral
Tamil version liked ❤❤❤,6,Neutral
MADAN KARKY LYRICS R CLASSIC ❤❤❤❤❤❤❤❤❤❤❤,0,Neutral
Example for beautiful 🤗 but dangerous 💀,1,Positive
First half rukku ☺️ second half rukku 👿💀📈,2,Neutral
This song with Dolby Atmos ❤️‍🔥💥,0,Neutral
Tamil version was excellent,4,Positive
mani voice❤,0,Neutral
1:29,0,Neutral
❤,0,Neutral
Loop mode uhh💥,2,Neutral
Watched this movie 3x in theatre just to experience this masterpiece 😩,0,Neutral
"Must watch in theatre🍁🍂🔥

Rare price chettiyaar ❤",5,Neutral
My favorite❤️❤️❤️❤️❤️,0,Neutral
😍🥰😘🔥,1,Neutral
My 🫴favourite ✨song 💞,1,Neutral
Wow what great song 🎵 whole album was amazing.,1,Positive
"Waited for this track 0:16
Came for this",2,Neutral
Favorite song now ❤❤❤❤😍,0,Neutral
0:17😢,0,Neutral
Butt this part0:9,0,Neutral
Harisankar's voice.. Ufff 😍❤️🔥🔥,19,Neutral
Malayalam version 📈🔥🔥,0,Neutral
Loop mode❤,0,Neutral
Music making music beautiful,0,Positive
Nowadays tamil dubbed songs are so beautiful to hear than original versions of any languages. Also tamil movie songs are nothing in front of  tamil dubbed songs,89,Positive
🫴❤️,0,Neutral
Tamil version 🗿,0,Neutral
Waited for this song ❤bgm melts ❤️❤️,1,Neutral
Yoo evolo naal try panne theriyuma intha song theatre la pathutu ....😢😢,2,Neutral
she looks too much beautiful in this dress,0,Positive
கேட்டுகிட்டே இருக்குனும் போல இருக்கு💕💕💕💕💕,0,Neutral
Chinmayi ❤❤❤,2,Neutral
One of the best and beautiful melody song with historical instruments.. of the entire cinema decade.🍃🍃🍃❤️‍🔥❤️‍🔥❤️‍🔥❤️‍🔥♥️♥️♥️🤌🏻🪔,0,Positive
Movie watch 2 time in theatre,0,Neutral
"Singara sirye was amazing❤, now it's mesmerizing 💕",0,Positive
Hearing for 50th time addicted to music ❤,0,Neutral
2:11 I ascended to heaven that part is absolutely soulful,1,Neutral
Tamil version is just perfect !!!,274,Positive
"தீம் தனன தீம், தீம் தனன தீம்


தீம் தனன தீம், தீம் தனன தீம்

ததரி தரி தநி 

ததரி ததரி ததரி தா.....

வேங்குழலில் இழைந்தாயடி என் காதையே 

மென் மயங்கி கிடந்தேனடி என் போதையே 

வேலென்றருத்திடும் விழிகள் 

இரண்டில் நீ தாக்கினாய்

உந்தன் மார்பை இறுக்கிடும் துணியால் 

என்னை நீ கைதாக்கினாய்

உலகே பொய்யடி, கனவே மெய்யடி 

அதில் வாழ்வோமே பூங்கோதையே! ஹோ.....

தீயின்றெரியும் காடொன்றில், 

கீச்சா கிளிகள் உறவாட 

நீண்டே விடியும் விசும்பென்றே  

தீண்டா ஏக்கம் விரிந்தாட

வேங்குழலில் இழைந்தாயடி என் காதையே.. 

மென் மயங்கி கிடந்தேனடி என் போதையே...

துரும்பென இளைத்திவள் உருமாற 

விருந்தாக எனை பரிமாற 


கருங்கனி சுவை இதில் உயிர் ஊர 

துறந்தேனே நானும் வெறியேர

நீ இன்னும் இன்னும் இன்னும் வேண்டுமே 

என எனதிதழ் உனதுடல் தீண்டுமே

 

உன இடை அணியெத பூண்டுமே 

நீ இறங்கிட இருதயம் தூண்டுமே

இறங்காதேறேனோ உயிராய் மாறேனோ 

வலி தாங்காயோ பூங்கோதையே! ஹோ.....

தீயின்றெரியும் காடொன்றில், 

கீச்சா கிளிகள் உறவாட 

நீண்டே விடியும் விசும்பென்றே

தீண்டா ஏக்கம் விரிந்தாட

வேலென்றருத்திடும் விழிகள் 

இரண்டில் நீ தாக்கினாய்

உந்தன் மார்பை இறுக்கிடும் துணியால் 

என்னை நீ கைதாக்கினாய்

உலகே பொய்யடி, கனவே மெய்யடி 

அதில் வாழ்வோமே பூங்கோதையே! ஹோ.....",189,Neutral
Visual and theatre treat ❤❤❤,0,Neutral
2:37 💕,1,Neutral
"Tamil version is best of all versions ❤ can't change my opinion heared in 3 languages, wow choosing of words kaadhai , visumbu school books ku aprm ippodha kekran indha words and dialogues and screenplay awesome repeated mode la playing and theatre experience awesome",14,Positive
Supper move visuval supper,0,Neutral
Song so nice 👍🏻,0,Positive
National Crush Rukku 💖💖💖,0,Neutral
Theatre experience 🥶,50,Neutral
Hari Shankar voice 🥺❤🎉,0,Neutral
Hair mari iruku intha movie 😂😂😂😂.. overrated,3,Neutral
Happy diwali ✨,0,Neutral
😍❤️,0,Neutral
Hi8😢🎉😂,0,Neutral
"""ईश्वर का मधुबन, जय कांतारा.""
         'शुभ दीपावली'",0,Neutral
Ipo Vara tamil songs orginal la vida intha songs lyrics semma 🔥,24,Positive
Songs yarum pakala  only nama rukhmini 😜,0,Neutral
Malayalam and kannada ❤️,0,Neutral
Kannada and Tamil version are  just wow😍❤️,5,Neutral
recently addicted ❤❤❤,0,Neutral
Again diwali ku theatre la paaka povom 🎉,0,Neutral
2.47,0,Neutral
தமிழ் மொழியில் கவிதை எழுதியதற்கு அருமை😮,2,Neutral
goosbumbs in theater what a music romance lines videograpy ❤❤❤❤❤❤,0,Neutral
❤❤❤❤❤,0,Neutral
Nice song🎉🎉🎉🎉,0,Positive
New addiction ❤,0,Neutral
Madan karky one of the finest lyricist,2,Neutral
Feel the experience in Dolby Atmos🫠🫡,1,Neutral
Magic,0,Neutral
Excellent ❤❤,0,Positive
Tamil Version of this song is the most beautiful 😍,60,Positive
Chinmayi magic😅,4,Neutral
Saw this movie last night and i have to say man it is pure goosebumps,0,Neutral
Theatre Experience💗😭,0,Neutral
Blast of 2025 ❤,0,Neutral
❤❤❤,0,Neutral
For this only.. Second time movie ku pona,0,Neutral
It's a magical music nd voice❤,0,Neutral
Theatre experience 😻😻🎇🎇,0,Neutral
This song remembers Kannukkul yetho ...kanukkul yetho .....from Thiruvilaiyadal Arambam flim ....❤❤❤❤❤❤❤,0,Neutral
"Im kannadiga, But Tamil singer voice and feel of this tamil version  is Vera level.
🎉❤🎉",865,Positive
"Rukku vibes 😊😊😊, wow ❤❤❤",0,Neutral
1:26 💆🏻💓🌊,0,Neutral
"This song is either 💎 or ☀️.
Amazing 🤩 song",1,Positive
Finally,1,Neutral
❤❤❤❤,0,Neutral
Kuzhandhai roobathil koduran nu solluvaangaley andha maathiri thaan last 30 mins varaikkum ivala villi nu nenaikka mudiyatha alavukku nadichirupaa lastla kazhutha orey thiruppu 😂😂😂,3,Neutral
Beauty is dangerous 😂💯,16,Neutral
Ii pattu evdo ketta pole arkelum thonio?? 😂,1,Question
This song in theater experience was amazing ❤😭,0,Positive
Theatre experience ❤❤❤❤,0,Neutral
Kantara 2second time pakkanum,0,Neutral
இந்த காதல் உண்மையாக இருந்து விட கூடாதா என ஏங்க வைத்து விட்டது இந்த பாடல்,45,Neutral
Recently fav and addicted🎶♥️🫶,0,Neutral
No one is mentioning male singer,0,Neutral
Wowwww,1,Neutral
"""உந்தன் மார்பை இறுக்கிடும் துணியால் 

என்னை நீ கைதாக்கினாய்""
Rukmini vasanth ❤️😩😭🫠",0,Neutral
Chinmayi mam voice is very beautiful ❤❤❤❤❤,18,Positive
Nice song ❤,0,Positive
❤,0,Neutral
I am eagarly waiting for this song,0,Neutral
"தியேட்டரில் இந்த பாடலை கேட்டு விட்டு,  வீட்டில் வந்து கேட்டால் அதிக வித்தியாசம் 😂
Dolby Atmos",64,Neutral
My favorite songs ❤😮,0,Neutral
"வேங்குழலில் இழைந்தாயடி என் காதையே 

மென் மயங்கி கிடந்தேனடி என் போதையே 

வேலென்றருத்திடும் விழிகள் 

இரண்டில் நீ தாக்கினாய்

உந்தன் மார்பை இறுக்கிடும் துணியால் 

என்னை நீ கைதாக்கினாய்

உலகே பொய்யடி, கனவே மெய்யடி 

அதில் வாழ்வோமே பூங்கோதையே! ஹோ.....

தீயின்றெரியும் காடொன்றில், 

கீச்சா கிளிகள் உறவாட 

நீண்டே விடியும் விசும்பென்றே  

தீண்டா ஏக்கம் விரிந்தாட

வேங்குழலில் இழைந்தாயடி என் காதையே.. 

மென் மயங்கி கிடந்தேனடி என் போதையே...

துரும்பென இளைத்திவள் உருமாற 

விருந்தாக எனை பரிமாற 

கருங்கனி சுவை இதில் உயிர் ஊர 

துறந்தேனே நானும் வெறியேர

நீ இன்னும் இன்னும் இன்னும் வேண்டுமே 

என எனதிதழ் உனதுடல் தீண்டுமே

 

உன இடை அணியெத பூண்டுமே 

நீ இறங்கிட இருதயம் தூண்டுமே

இறங்காதேறேனோ உயிராய் மாறேனோ 

வலி தாங்காயோ பூங்கோதையே! ஹோ.....

தீயின்றெரியும் காடொன்றில், 

கீச்சா கிளிகள் உறவாட 

நீண்டே விடியும் விசும்பென்றே

தீண்டா ஏக்கம் விரிந்தாட

வேலென்றருத்திடும் விழிகள் 

இரண்டில் நீ தாக்கினாய்

உந்தன் மார்பை இறுக்கிடும் துணியால் 

என்னை நீ கைதாக்கினாய்

உலகே பொய்யடி, கனவே மெய்யடி 

அதில் வாழ்வோமே பூங்கோதையே! ஹோ.....",1,Neutral
Late a comment pannuren 🥲 but idhukumelayum comment Pannama irukka mudiyala pa 🤧 ippadi oru movie and songs nijama namba mudiyala 🥲 unmaya salute to the director and all actors 🫡. Idhu movie kum mela 🤧..  First time oru movie a again again paka thonudhu 😢 idhoda 3🤧 times pathuten😂 again pakanum. Songs ketalum end Panna mudiyala ye 😂. 🫡🫡🫡🫡🫡 ❤❤❤❤❤❤❤❤❤❤❤❤❤,0,Neutral
I think that string comes at 0.17 is sarangi....that portion hearing in theater is 💜💙💚♥️🧡❤️💛👍👌👏👑,0,Neutral
Hearing this song in theatre is lovely ❤❤❤❤❤❤,0,Neutral
MANIKANDAN VOICE.....NO CHANCE ....👍👌👏👑,0,Neutral
Chinmayi voice mind blowing.....Harisankar voice mesmerizing ❤❤❤❤🎉,277,Neutral
Amazing song❤❤,0,Positive
I heard this song more than 1000 times ❤❤❤❤,1,Neutral
This song❤❤❤❤  theatre experience was sooooo sooooo excellent ❤❤❤ I seen 3times this movie.. but still I experienced that as hearing first time,0,Positive
🪄,0,Neutral
Theatre experience ❤ it was heaven 🎉,0,Neutral
❤❤❤❤❤❤❤❤❤❤❤,0,Neutral
Rukmini fans button ❤,0,Neutral
Bgm.... 👼💞🙏🥰🥰🥰🥰💋💖💖💖💖💖💖💖,0,Neutral
Most impressed song in this movie lov u Rukmani vasnath ❤,0,Neutral
❤❤❤❤❤❤❤❤❤❤❤❤❤❤❤❤❤❤❤❤❤❤❤❤❤❤❤❤❤❤❤❤❤❤❤❤❤❤❤❤❤❤❤❤❤,1,Neutral
💓🙏🏻💕,1,Neutral
Loop📈😌✨,0,Neutral
Reminds me of PS…..movie and the costume for her . Beauty queen…a star is born .,1,Neutral
Finally released...audio kooda ithana naal release pannama kaya vechiteengale boss,1,Neutral
Feel the lyrics ❤🫰💘✨,2,Neutral
Finallyyy the song is out 🎉🎉🎉🎉waiting for this since I watched the song in theatre,0,Neutral
Theatre experience ❤,0,Neutral
Every other beauty fades when she is in the frame.Rukmini fans assemble ❤,6,Neutral
enakum aasaiya Iruku unga ishavara poonthotam pakanum nu inda dialogue ipa dhaana puriyudhu😂,30,Neutral
All are watching rukmini vasanth 😂😂😂,0,Neutral
Please add the rebel video song,0,Suggestion
love it🙃,0,Neutral
Intha song name theriyama ivlo naal wait panren,0,Neutral
Wait panidu iruthan ❤,0,Neutral
Rukku ❤❤❤,0,Neutral
Thanks lord & universe .....,1,Neutral
It so romantic 😊❤,0,Neutral
Today morning only searched this video song....God have accepted my Request 😊,0,Neutral
#SilambarasanTR ❤,0,Neutral
In kannada it is more good proud to be kannadathi,4,Positive
Most awaited song 🎶❤️👀..,1,Neutral
"In Theatre this song awesome,",0,Positive
Raksha olaf blf 🎉,1,Neutral
Music sema voice super,0,Positive
1:26 & 2:40 portion ❤ ❤theatre experience 🔥 use headphones,0,Neutral
❤❤❤❤,0,Neutral
0:16 ❤❤❤,0,Neutral
❤,0,Neutral
❤🫶🏻,0,Neutral
This song audio uploading bro,0,Neutral
1:27 i felt this portion is better in malayalam version,0,Neutral
Kantara chapter 1 diwali winner,0,Neutral
"வேங்குழலில் இழைந்தாயடி
என் காதையே
மென்மயங்கிக் கிடந்தேனடி
என் போதையே!
வேலன்றறுத்திடும் விழிகள்
இரண்டில் நீ தாக்கினாய்- உந்தன் 
மார்பை இருக்கிடும் துணியால்
எனை நீ கைதாக்கினாய்
உலகே பொய்யடி
கனவே மெய்யடி
அதில் வாழ்வோமா பூங்கோதையே!

தீயென்று எறியும் காடொன்றில்
கீச்சாக் கிளிகள் உறவாட
நீண்டே விரியும் விசும்பென்றே
தீண்டா ஏக்கம் விரிந்தாட

வேங்குழலில் இழைந்தாயடி
என் காதையே
மென்மயங்கிக் கிடந்தேனடி
என் போதையே!

துரும்பென இழைத்திவள் உருமாற
விருந்தாக எனை பரிமாற
கருங்கணி சுவையினில் உயிர் ஊற
துறந்தேனே நானம் வெறியேற
நீ இன்னும் இன்னும் இன்னும் இன்னும் வேண்டுமே
என எனதிதழ் உனதுடல் தீண்டுமே
ஏ உனை இடையணி என பூண்டுமே
நீ இறங்கிட இருதயம் தூண்டுமே
இறங்காதேரனோ
உயிராய் மாறேனோ
வலித்தாங்காயோ பூங்கோதையே!

தீயென்று எறியும் காடொன்றில்
கீச்சாக் கிளிகள் உறவாட 
நீண்டே விரியும் விசும்பென்றே
தீண்டா ஏக்கம் விரிந்தாட

வேலன்றறுத்திடும் விழிகள்
இரண்டில் நீ தாக்கினாய்- உந்தன் 
மார்பை இருக்கிடும் துணியால்
எனை நீ கைதாக்கினாய்
உலகே பொய்யடி
கனவே மெய்யடி
அதில் வாழ்வோமா பூங்கோதையே!",0,Neutral
Extraordinary lovely lyrics. And Rukmani vasanth looksssss beautiful.,1,Positive
❤❤❤❤❤❤❤,0,Neutral
Wonderfull song❤,0,Positive
The most beautiful & melodic song 🎉,0,Positive
1:26 portion 🤍🎀blisss,0,Neutral
Melted at every seconds,0,Neutral
3:20 ❤,0,Neutral
Got addicted after watching the movie.. Tamil lyrics and voice Melting.... pure bliss ❤🤩,1,Neutral
"At first I liked Kannada version
But Tamil lyrics is ❤🔥
Just feels like honey dripping 

Sad that we don't have such lyrics now in Tamil Cinema",44,Neutral
"இந்த தீபாவளிக்கு dude, diesel, bison 3 தமிழ் படம் வந்திருக்கு ஆனா என் மனசு மறுபடியும் காந்தாரா படம் போய் தியேட்டர்ல பாக்கணும்னு தோணுது. ❤☺️",1698,Neutral
"These days, my favourite film is Kantara, my favourite songs all the songs in kantara, my favourite hero Rishabh Shetty. 

I never imagined I’d become such a big fan of him, especially since I only discovered him through Kantara",5,Neutral
she's stunnning😍😍,0,Neutral
Chinmayi 💜💜@2:05,7,Neutral
1 week aa video song thedite irunthen.... Something special close to my heart melting bgm❤️💥🥺,4,Neutral
My fav 💚,0,Neutral
❤❤❤❤❤❤❤Rukmini ❤❤❤❤❤❤❤,1,Neutral
1:25 ❤❤❤❤❤❤❤❤❤❤❤❤❤❤,3,Neutral
"Reshab shetty is not a director, not a hero He is a full package movie.",0,Neutral
❤Latest Most Favourite Song ❤,1,Neutral
Rishab Shetty sir Respect Button 🔥🙏❤️,3,Neutral
This tamil version very nostalgic for me,4,Neutral
Fake love 😂,0,Neutral
Recently addicted ❤ 🎧🎵,0,Neutral
"I have heard this song in all the languages. Tamil language is the best fit, melts in ears.......",16,Positive
You are simply rocking!  Your voice is like diamond fixed on a golden ornament ❤🎉,1,Neutral
"Our people said the right thing, this tamil version is something different ❤🤯",67,Neutral
Tamil Version is the Best.... ❤❤❤❤❤Love you Rishab Shetty Nanbaaaaa🎉🎉❤❤❤,2,Positive
💎❤️,0,Neutral
Theatre experience😍❤️,2,Neutral
Kannadiga ❤2025,0,Neutral
Thiss is soooo perfectttttt...😫😭💓✨,0,Positive
Waiting for song i really love song,0,Neutral
Rukmini twist vacha paarunga 🎉❤,1,Neutral
Love the bgm ❤,0,Neutral
Chinmayi takes this song to a different level,6,Neutral
Ketta udane pidichitu indha song theatre la 🫠🫠,0,Neutral
👌🏿,0,Neutral
After watching movie... I search this song every side ... But kidaikala 😊 ipo kidachachuru,1,Neutral
Heroineku love song pottatha pathiruken aana villiku love song potatha ippathan pakuren😂😂😂😂😂.,83,Neutral
Loved❤ ❤❤❤❤❤,0,Neutral
Innum uyarangil yethaatte❤,0,Neutral
திடீரென்று ருக்மணி தமிழ்நாடு ரசிகர்களாக மாறியவர்களின்  சார்பாக வாழ்த்துக்கள்,26,Neutral
Master Piece 😍,1,Neutral
Soooper  aaittund mone,0,Neutral
Entha song ku wait panna❤❤❤❤❤❤,0,Neutral
❤❤,0,Neutral
Finally the wait is over,0,Neutral
Wait for this song,0,Neutral
❤a,0,Neutral
Finally The video song is released. This was the most awaited song ever!!!!❤😊,12,Neutral
Enna mari velaipadu❤️😭one of the best dubbed song recently,3,Question
This song lyrics makes everyone blush😂i hope tamizh is the best version...The visuals and background of this song is amazing❤,0,Positive
வேலென்றருத்திடும்‌ விழிகள் இரண்டில் நீ தாக்கினாய்.....,12,Neutral
"Never seen beautiful coastal set ,great cinematography ...fantastic song",0,Positive
I am from Maharashtra my language Marathi. I like south see all traditional song...❤❤❤ I doesn't understand this song but tone and song nice...,2,Positive
Ship fighting scene is amazing,0,Positive
One of my favourite Life time settlement song❤,0,Neutral
இதுக்காக waiting 🥰,0,Neutral
1:40  🔁 mode,0,Neutral
Waiting for this❤❤,0,Neutral
Epo varum nu wait panitu iruntha intha song ku❤❤,6,Neutral
Malayalam version is also good,0,Positive
Kantara is going to cross 1000 cr and this song is a part of it.  Specially Now Rukmani 😅 ❤,38,Neutral
Love it❤,0,Neutral
Release in Hindi also,0,Neutral
❤❤❤❤ I heard all the versions of this song.... But the Tamil lyrics are literally making me blush🤭❤❤❤❤,16,Neutral
2:04 chinmyee voice ❤❤❤❤,187,Neutral
Love this song ❤,0,Neutral
Ks harishangar ❤❤,2,Neutral
"Truly humbled and grateful to have lent my voice alongside the incredible Chinmayi ma’am for this beautiful track. Heartfelt thanks to Ajaneesh sir, Madhan Karky sir, and Boby ma’am for the opportunity and guidance. Grateful to the entire team of Kantara: Chapter 1 for making this experience so special.",1543,Positive
Not releasing this song b4 movie premiere is smart move cause i mesmerized by the melody n superb lyrics by karki... Kudos to ajenesh loknath.. congratulations from thanes Malaysia.,61,Positive
❤❤❤,0,Neutral
I'm waiting for this song,0,Neutral
❤💎😭,1,Neutral
அப்படியே படத்தையும் பெரிய மனசு பண்ணி வெளில விட்டிங்கன்னா புண்ணியமா போகும்😅😂...,3,Neutral
Madana mana mohini eh use pani irukalam Mayalam version pola. Ithu original version ku romba different ah Iruku.,0,Neutral
தியேட்டர்ல இந்த பாட்ட கேக்கும் போது வந்துச்சு பாரு ஒரு Feeling uh....That's just a AMAZING 👌💥🎧,914,Positive
Starting music vera level vibe❤❤❤❤❤❤,2,Positive
💯💯வெளிச்சமா இருக்குதுன்னு மின்மினி  பின்னாடி பொய்டாதிங்க தொலைஞ்சு பொய்டிவிங்க💯💯,458,Neutral
❤️❤️❤️❤️🔥❤️❤️,0,Neutral
"what a song..!!

what a picturisation..!!

what an eye movement by the heroin...!!

Beautiful presentation...not only this song but entire movie...

And that's why everyone is celebrating this movie not only at national level but globally...

Hats off to DIVINE STAR Rishab Shetty who is the script-writer, actor and director of this movie....",12,Question
Voice of singer is heart melting,3,Neutral
Theatrical magic 🪄... she's screen presence 💎🤌🏻,14,Neutral
"All Language Present 
Kannada ✅
Telugu ✅
Malayalam ✅
Tamil ✅
Hindi ✅",0,Neutral
Proud of cinema industry 💥,1,Neutral
So coolest song,0,Positive
This song😫🎧✨,4,Neutral
நாசமா போன தமிழ் சினிமா இவர்களின் மூத்திரத்தை வாங்கி குடிங்க ஒரு வேற்று மாநில படங்களில் வரும் பாடல்கள் அனைத்தும் அப்படி ஒரு தூய தமிழில் இருக்கிறது இங்கே நாய் கத்திர மாதிரி பாடல்களை கொடுத்து தமிழ் மொழியையும் நாசம் செய்து விட்டார்கள் இங்கே நல்ல தமிழ்  பாடல் ஆசிரியர்கள் இருக்கிறார்கள் அவர்களுக்கு இப்போதைய இசைமைப்பளர்கள் வாய்ப்பு கொடுப்பது இல்லை கண்ட கண்ட நாதிரிகளுக்கு பாடல் எழுத கொடுத்து நாசம் ஆக்குகிறார்கள்,6,Neutral
மதன் கார்க்கி ❤ என்ன ஒரு வரிகள்,80,Neutral
♥️proud of tulunadu,2,Neutral
Chinmayee ❤,8,Neutral
❤❤❤❤,0,Neutral
"My ply list 
My fvt singer Harisankar ❤️❤️🥰",2,Neutral
Can expect this song to play on wedding events,1,Neutral
Who is watching this masterpiece on October 19 2025 ❤🎉,11,Question
Theatre experience was extraordinary 🔥,16,Neutral
Such a....... soothing songs as said being dissolved in This song ❤,4,Neutral
"The Tamil lyrics of this song. Will represent the eternal sweetness of the Tamil . The power of Tamil language. 
“தேன் சுவையும் தெவிட்டாத தென் அமுதும்,
சொல் சுவையும் தெவிட்டாத தமிழும் அவன்.” தமிழ் இனிமை",136,Neutral
what an armpit rukmani,0,Question
Semma fav song ❤,1,Positive
அருமையான படைப்பு❤,3,Neutral
"Omg what a song❤ was waiting for the video song to release, this song hits different...touches the soul...❤❤❤mesmerizing",0,Neutral
In loop,1,Neutral
"Rukmini in this portion😍
Rukmini in climax ☠️",0,Neutral
My phone ringtone ❤ யாரு எல்லாம் இந்த சாங் பிடிக்கும் 🎉,1,Neutral
❤❤❤,0,Neutral
"Tribute to KANTARA Chapter 1
https://youtu.be/rzzqbN2HkT8?si=MVOdYEf8lyCvamqK",0,Neutral
Nice 💐🇮🇳,0,Positive
தமிழ் பாடல் வரிகளை இன்றும் வாழ வைக்கும் சில பாடலாசிரியர்களில் மதன் கார்க்கி மிகவும் முக்கியமானவர்,93,Neutral
Malayalam version ❤🎉,0,Neutral
"The heart wants that love❤️‍🩹, but the brain doesn't want that love.😵‍💫📈",2,Neutral
Malayalam dubbed version is best,0,Positive
Song❤,1,Neutral
Most fav one 🤌🏻❤️🥺,0,Neutral
This song is ruleing my playlist ❤❤❤😊😊😊 thank you for this masterpiece 🙏🏻,1,Neutral
❤,1,Neutral
1:54 tulu script 😊,8,Neutral
உலகே பொய்யடி .....கனவே மெய்யடி .....❤🪄,25,Neutral
"02:30 - *Spa was a setup for getting a Beme DNA for Vashikaran(Black magic).* Tantra requires a person's used cloth, Nails, Hairs to do the Black magic.
Here Leader of the Kantara needs to be done Blackmagic to give land to king.",18,Neutral
Harishankar voice ❤️,2,Neutral
"Vaeynguzhalilizhaindhaayadee
en kaadhaiyae!
menmayangikkidandhaenadee
en boadhaiyae!
vaelenRaRuthidum vizhihaL
iraNdil nee thaakkinaay - undhan
maarbai iRukkidum thuNiyaal
enai nee kaidhaakkinaay
ulagae poyyadee
kanavae meyyadee
adhil vaazhvoamaa poongoadhaiyae!
theeyen-Reriyung-gaadonRil
keechaak kiLiha LuRavaada
neeNdae viriyum visumbenRae
theeNdaa aekkam virindhaada
vaeynguzhalilizhaindhaayadee
en kaadhaiyae!
menmayangikkidandhaenadee
en boadhaiyae!
thurumbena iLaithivaL urumaaRa
virundhaaha enai parimaaRa
karungani chuvaiyinil uyir ooRa
thuRandhaenae naaNam vaeRiyaeRa
nee innumminnuminnumnnum vaeNdumae
ena enadhidhazh unadhudal theeNdumae
ae unai idaiyaNi ena pooNdumae
nee iRangida irudhayam thooNdumae
iRangaadhaeRaeno
uyiraay maaRaenoaa
valithaangaayoa poongoadhaiyae oa!
theeyen Reriyung kaadonRil
keechaak kiLiha LuRavaada
neeNdae viriyum visumbenRae
theeNdaa aekkam virindhaada
vaelenRaRuthidum vizhihaL
iraNdil nee thaakkinaay - undhan
maarbai iRukkidum thuNiyaal
enai nee kaidhaakkinaay
ulagae poyyadee
kanavae meyyadee
adhil vaazhvoamaa poongoadhaiyae",0,Neutral
I am waiting for this version thank u song🎵🎵,0,Neutral
தியேட்டர் ல இந்த பாட்டு சரியான Vibe uh 😂❤,21,Neutral
வேங்கு (ழ) லில் இ (ழை) ந்தாயடி - தமிழ் வரிகள் அருமை ❤,2,Neutral
"ஆண்: வேய்ங்குழலில் இழைந்தாயடி என் காதையே,
மென்மயங்கிக் கிடந்தேனடி என் போதையே,
வேலென்றறுத்திடும் விழிகள் இரண்டில் நீ தாக்கினாய்
உந்தன் மார்பை இருக்கிடும் துணியால் எனை நீ கைதாக்கினாய்,
உலகே பொய்யடி
உணர்வே மெய்யடி
அதில் வாழ்வோமா பூங்கோதையே...ஓ
பிண்ணனி : தீயென்றெரியுங் காடொன்றில்
கீச்சாக் கிளிகள் உறவாட
நீண்டே விரியும் விசும்பென்றே
தீண்டா ஏக்கம் விரிந்தாட
ஆண்: வேய்ங்குழலில் இழைந்தாயடி என் காதையே,
மென்மயங்கிக் கிடந்தேனடி என் போதையே,
ஆண்: துரும்பென இளைத்திவள் உருமாற
விருந்தாக எனை பரிமாற
பெண்: கருங்கனிச் சுவையினில் உயிர் ஊற
துறந்தேனே நாணம் வெறியேற
ஆண்: நீ இன்னும் இன்னும் இன்னும் இன்னும் வேண்டுமே
என எனதிதழ் உனதுடல் தீண்டுமே
பெண்: ஏ... உனை இடையணி என பூண்டுமே
நீ இரங்கிட இருதயம் தூண்டுமே
ஆண்: இரங்காதேரேனோ
உயிராய் மாறேனோ
வலி தாங்காயோ பூங்கோதையே... ஓ
பிண்ணனி: தீயென்றெரியுங் காடொன்றில்
கீச்சாக் கிளிகள் உறவாட
நீண்டே விரியும் விசும்பென்றே
தீண்டா ஏக்கம் விரிந்தாட
ஆண்: வேலென்றறுத்திடும் விழிகள் இரண்டில் நீ தாக்கினாய்
உந்தன் மார்பை இருக்கிடும் துணியால் எனை நீ கைதாக்கினாய்,
உலகே பொய்யடி
உணர்வே மெய்யடி
அதில் வாழ்வோமா பூங்கோதையே...ஓ",54,Neutral
"Searched everywhere in YouTube, Spotify, and on the net; finally, hombale released ❤",5,Neutral
All Indians responsibility to get this past 1000 crore only then it will set the benchmark for upcoming movie makers or eat only average movies❤,0,Neutral
0:15  My god 😍😍😍😍😍😍😍😍😍,4,Neutral
Harishankar and chinmayi❤️‍🔥❤️,1,Neutral
വെളിച്ചം തേടി മിന്നാമിനിങ്ങിന്റെ കൂടെ പോകരുത് അത് അപകടമാണ് 😊,7,Neutral
Much awaited video song ❤,0,Neutral
Beautiful Song One Of My Favourite❤❤❤,1,Positive
"What a film, what a production house to produce such a wonderful picture representing our culture😊 @hombale glfilms",0,Question
2:58 The moment when her real face was revealed,15,Neutral
My favourite ❤❤❤,0,Neutral
Recent favourite song ❤,1,Neutral
My favourite song ❤,0,Neutral
My Most Fav Song 🤍.... Anta Bgm Music  vera matri 🔥 @amirthajothi❤,0,Neutral
உயிர் உங்களுடையது தேவி💎🎶🙇💫 Rukmani,0,Neutral
0:01 I love the voice that the man expresses in the classical way ❤❤,5,Neutral
❤❤,0,Neutral
02:17 This scene is similar to 1st Kantara where village people are watching a movie while Leela signals Shiva to come alone.. 😅,87,Neutral
I don't know why... It's in my loop....,0,Neutral
Rukku lover here❤,0,Neutral
Rishabh shetty always delivered fantastic songs 🎉🎉🎉,0,Positive
Much awaited ❤❤❤,0,Neutral
😇,0,Neutral
My fav song❤,0,Neutral
Superb song.... Repeat Mode🎶🎵🎵 bgm 🔥 tamil version 📈📈📈absolutely mind- blowing.....❤❤❤❤,1,Positive
Favorite song of the year ❤🎉,0,Neutral
🎉,0,Neutral
Madan Karky..❤,0,Neutral
Most awaited song💎💙💞❤️,1,Neutral
Theatre-laye intha paatu vibe ah irunthuchu ❤️‍🔥🔱,34,Neutral
Wow what song and Lyrics ❤,0,Neutral
Nothing to say about tge tamil version 🫠🤍,1,Neutral
🤍💎🌸,1,Neutral
❤️‍🔥1:40 KS HARISHANKAR 😇❤,10,Neutral
❤❤❤,0,Neutral
Iam in Loop🔄 🎶❤️❤️,3,Neutral
Magic starts from 1.27 😍😍😍😍😍,2,Neutral
Eppo varunu kathutu irunthe intha oru song kaga theater 3 time poitu parthe ❤🫀🥺,12,Question
Theatre experience of this song was 🔥😭🙌💎,4622,Neutral
Everyone's favorite song 2025❤😍,23,Neutral
🇰‌🇦‌🇳‌🇹‌🇦‌🇷‌🇦‌💥💥💥💥👌,7,Neutral
1 number 🔥,0,Neutral
"Perfect example for -
"" Never Judge the person by their face "" 💀
IYKYK",16,Positive
02:11 This portion hits different ❤🔥,41,Neutral
Beautiful heart touching song❤,1,Positive
Lyrics ❤️ perfect match with music,0,Positive
"Recent Addict ❤
After watching film before 10 days..still முனுமுனுத்துக்கிட்டே இருக்கும் Song 🎉",213,Neutral
I literally waiting for this song..❤,6,Neutral
0:01 Dheem tha dhana dheem. I just love it ❤❤❤❤❤🎉🎉 and from 0:16 it leads to another world 🌎❤❤,13,Neutral
Finally i got,0,Neutral
It really make me hypnotize,1,Neutral
manase uruguthu intha paatle,0,Neutral
Man what a mesmerizing song!❤,10,Neutral
2:43 the plot,38,Neutral
❤❤❤,0,Neutral
Chinmayi portion ❤,44,Neutral
Everyone's Favourite Song Now 😅,2643,Neutral
Super song,2,Positive
Madan karky enga irundhuya edukkura indha varthaigala....vaenghulalil ezhaindhayadi....🤤🤤,1,Neutral
"After watching the film, I can’t help but wonder if the playful sword fighting scene at 1:26 was actually foreshadowing Kanakavathi testing Berme’s sword skills 😂",361,Neutral
Please sumit in Hindi language ❤,0,Neutral
இது போன்ற தமிழ் வரிகள் இப்போது எட்டா கனியாக உள்ளது ❤,1554,Neutral
Madhan Karky ❤🤯,6,Neutral
0:16 this bgm❤,1013,Neutral
Madan karky 😊😊❤,6,Neutral
"1000CR loading!
Tamil fans like❤🎉",446,Neutral
1:26 ❤,24,Neutral
Heroin ❌ Villian ✅,2,Neutral
Vera level Love feel song ❤,9,Positive
❤,2,Neutral
Wowww,2,Neutral
Finally the wait is gone❤,55,Neutral
"This song was a surprise heart stealer while watching the movie! 🩵 Music, visuals, and the weather in the song look so cozy and beautiful! 🌧",36,Positive
Chinmayi ❤❤❤,20,Neutral
One of the Earliest comment,4,Neutral
Felt tha bgmm❤❤❤❤,6,Neutral
Thanks for uploading,5,Neutral
I am the 4 viewer,1,Neutral
Song 😩❤️‍🩹,6,Neutral
I like name BERME ❤❤,9,Neutral
Very good day today and what the music movie should be deserves 1000 cr,105,Suggestion
Semma 👍💯,4,Positive
We hope it will be gross 1000crs,14,Neutral
"“Vaenguzhalil Ezhaindayadi” from Kantara Chapter 1 is a soul-touching masterpiece that beautifully blends divine emotion, mesmerizing visuals, and heartfelt music. The Tamil lyrics flow like poetry, perfectly matched with the serene background and powerful performances by Rishab Shetty and Rukmini. Every frame feels sacred and filled with nature’s essence — truly a song that connects the heart and soul. 🌿🎶",56,Positive
First view,1,Neutral
Awaiting for this one❤❤❤,5,Neutral
Beautiful Bgm song 😍👌🏻👌🏻👌🏻✨🥰,53,Positive
First like❤❤,0,Neutral
🔥✨💯,2,Neutral
