Comment,Likes
On of the underrated Songs❤❤❤‍🔥,0
Recently addicted to this song❤,2
lyrics ❤ out of the world,2
Honey trap is mens weekness😢,0
❤,0
Super  song🌹🌹🌹🌹🌹😊😊😊😊😊,1
Repeat Mode❤❤❤❤,1
This song is best in Tamil❤,1
Semma voice 💞💞💞💞💞,1
இந்த இசை வேற எங்கையோ கேட்டது போல இருக்கிறது,1
Theater experience❤💗,1
"My Birthday 15:10 I cant go to Kovil,we decided too watch Movie...it's my Memory movie Good!",1
0:58,0
My relexing song,1
0:39 0:58,0
1:26 magic begins from here :) . I am from Pakistan. Cannot understand Tamil but this song hits somethings different. Music has no language.,2
My favorite lovely song...lyrics vera level,3
Pea coat 💩💩 song,0
Excellent writing by Madhan Karki..,1
ரூஹே ரூஹே -  உயிரே உயிரே,0
Dont blindly trust anyone.,1
This song does something to me,2
Honey dripping ❤,3
Super 🎉,0
💗😩,0
1.26 min is was amazing bgm,1
❤,3
Nice❤❤❤❤❤,1
"ஆண் : வேங்குழலில் இழைந்தாயடி
என் காதயே!
மென்மயங்கி கிடந்தேனடி
என் போதையே!

ஆண் : வேல் என்றருத்திடும் விழிகள்
இரண்டில் நீ தாக்கினாய்
உந்தன் மார்பை இருக்கிடும் துணியால்
என்னை நீ கைதாக்கினாய்
உலகே பொய்யடி
கனவே மெய்யடி
அதில் வாழ்வோமா பூங்கோதயே!…ஹோ

பெண் மற்றும் குழு : தீயென்ரெரியுங் காடொன்றில்
கீச்சாக் கிளிகள் உறவாட
நீண்டே விரியும் விசும்பென்றே
தீண்டா ஏக்கம் விரிந்தாட

ஆண் : வேங்குழலில் இழைந்தாயடி
என் காதயே!
மென்மயங்கி கிடந்தேனடி
என் போதையே!

ஆண் : துரும்பென இளைத்திவள் உருமாற
விருந்தாக எனை பறிமாற
பெண் : கருங்கணி சுவையினில் உயிர் ஊற
துரந்தேனே நாணம் வெறியேற

ஆண் : நீ இன்னும் இன்னும் இன்னும் இன்னும் வேண்டுமே
என எனதிதழ் உனதுஉடல் தீண்டுமே
பெண் : ஏ உனை இடையனி என பூண்டுவேண்
நீ இறங்கிட இருதயம் தூண்டுமே

ஆண் : உறங்காதேரேனோ
உயிராய் மாறேனோ
வலிதாங்காயோ பூங்கோதயே!…ஹோ

பெண் மற்றும் குழு : தீயென்ரெரியுங் காடொன்றில்
கீச்சாக் கிளிகள் உறவாட
நீண்டே விரியும் விசும்பென்றே
தீண்டா ஏக்கம் விரிந்தாட",1
1:35,1
Harishankar voice❤,2
Vanakam 23 may  2026 .12 am ku,0
Anyone may 21 2026,0
Anyone after inba reel ?,0
3.13🎉,0
❤thamizh virunthu❤,1
Indha song oda theatre experience just like wow 🎉🔥🔥,3
Athukuthana naneyyy night dutyy vangiii pathukutuerukean enjoyyy😂😂😂😂😂😂😂😂😂,2
Velentraruthidum💫 vizhigal👀 irandil nee thakkinai🤌😩❤,2
1:26 Such as a magic' voice and miracle imagination,0
I like this song ❤🩵🤍,0
Enn kaathaiyeeeeeee 🤌💓,1
யாரெல்லாம் இந்த பாடலின் வரிகளை கேட்டவுடனே... இந்த பாடலை எழுதியது *மதன் கார்க்கி* என்று யூகித்தீர்கள்.... ✨😇🥰🙌🙋,11
This is so delightful for eyes . Beautiful ❤,0
1:26 i fall in other dimension ❤,1
Voice ❤,1
Any one after vijay CM🎉🎉,5
Very emotionally I am feeling for the song and also interesting ❤,1
Rukku  is beautiful ❤ my crush allso same look ❤️❤️‍🔥,1
Super song 🤍,2
The male voice is competing n winning Chinmayi's voice🥹,18
0:13 plot for hearing songs,0
My fevarat song❤❤,0
❤❤❤,1
எனக்கு ரொம்ப ரொம்ப பிடிக்கும் 🔥🔥🔥❤️❤️❤️❤️❤️,1
Nice song 😻,1
காதலும் கற்பனையும் கொண்ட காதல்  இதுவே ❤‍🩹🫂,5
Evlo alagana tamil varigal..tamil padangalil kuda ipdi illai,1
உயிராய் வாரேனோ வலி தாங்காயோ பூங்கோதையே Wow❤❤❤,2
Entha song la bjm heart ❤️ apadiya melt pannuthu,3
Rukmani has some big gya. 😅❤ 2:49,0
My favourite song ❤❤,1
2026.. ❤ Goosebumps da ❤🎉😊,0
Bgm ringtone super ❤️❤️😍🥰,2
i am love this song,1
💗,0
I love every language but kannada version of this song just beauty ❤,0
❤❤❤,0
This pair should have played Sita-Ram in a live action movie.,1
"This is not a song, it’s an emotion for every Darling and Thaman Fans 😜😜❤❤🎉🎉🎉🎉",1
The real song starts at 01:25,1
"Rukku's grace & beauty, Lyrics, music, camera - everything is ❤ perfect",0
❤,0
Naan parthen othumaan Unnodaiya effect en iruku,0
Neil kari apdna neilakari oru gramam Iruku athuku oru driver vera evlo vaai adika pathiram velaka poitu apdla poga mattanga flight la ponnain etti parthoma poitu vanthu tale,0
Superb song❤,1
Yar ellam 2026 ah intha song ah ketu irukinga❤,2
0:53  bombastic laugh🤣,2
1:27 was melting ❤🥺😌😫,0
Rukmini heroine nice semma super. very nice feeling songs looke vera level,0
1:31  & 2:40 she nailed ❤,1
Amazing..... Don't know how many times I'm listening to this song.... Madan Karki has once again proved......❤,0
❤,0
Malayalam version is the best 🔥,1
Enna alagu😍😍😍😍😍,0
Rukmini kolriye 😍😍😍😍,0
March 21 anyone,1
வெளிச்சமா இருக்குனு வின்மினி  பின்னாடி  போயிறதின்க தொழங்சு போயிருவின்க..... இந்த கவிதை    ஃபர்ஸ்ட் கேக்கும் போது  செம்ம  ஃபீல்....   Super   feel song ....,1
Chow chow is super ❤❤❤❤❤❤❤❤❤🎉🎉,0
3.18 pure magic 🪄✨,3
🖤🖤🖤🖤🖤,0
Rukku ❤️❤️😍😍,0
Cable connections wrong way,0
Raja cable😅,0
"மலையாளம் "" கன்னடா "" தெலுங்கு  "" ஹிந்தி  எல்லா  பாடலையும்  தூக்கி  சாப்டிருச்சு  டா  .... நம்ம ""தமிழ் "" ❤️🥶🔥",36
Anyone today 😅,3
March 6 ❤,2
😊😊,0
❤❤song super,1
My favourite song the year ❤,0
Super super,0
என்னோட அம்மாக்கு பிடிச்ச பாட்டு❤🫂,2
March 05❤,1
Theatre experience was amazing ❤🎉,2
March 3 ❤,0
Tq katara,0
March 02 ❤,0
Someone special ❤❤,2
Beautiful lyrics 😊,1
1:25  this lyrics was my favourite 🎉❤🎉❤🎉❤🎉❤🎉❤🎉❤🎉❤🎉❤🎉,0
This movie was thrilling by experiance❤,0
2:1 ultimet,0
2:55 woww ❤🎉,1
☺️☺️☺️☺️☺️☺️☺️🥰🥰🥰❤️❤️❤️🫀🫀🫀🫀❤️❤️🥰❤️🫀🫀❤️❤️❤️❤️🫀❤️🥰❤️🫀💞💞😭,1
🥰,0
I like it 💜💜💜,1
1:25,0
I love this song,2
❤❤,0
1:20,0
🙌🫂🎤🎥💋💞👏👌💥,0
"வேங்குழலில் இழைந்தாயடி
என் காதயே!
மென்மயங்கி கிடந்தேனடி
என் போதையே!

வேல் என்றருத்திடும் விழிகள்
இரண்டில் நீ தாக்கினாய்
உந்தன் மார்பை இருக்கிடும் துணியால்
என்னை நீ கைதாக்கினாய்
உலகே பொய்யடி
கனவே மெய்யடி
அதில் வாழ்வோமா பூங்கோதயே!…ஹோ

தீயென்ரெரியுங் காடொன்றில்
கீச்சாக் கிளிகள் உறவாட
நீண்டே விரியும் விசும்பென்றே
தீண்டா ஏக்கம் விரிந்தாட

வேங்குழலில் இழைந்தாயடி
என் காதயே!
மென்மயங்கி கிடந்தேனடி
என் போதையே!

துரும்பென இளைத்திவள் உருமாற
விருந்தாக எனை பறிமாற
கருங்கணி சுவையினில் உயிர் ஊற
துரந்தேனே நாணம் வ...

Full lyrics at Bharatlyrics.com: வேங்குழலில் இழைந்தாயடி Vaenguzhalil Ezhaindayadi Lyrics - K S Harisankar, Chinmayi Sripada https://bharatlyrics.com/vaenguzhalil-ezhaindayadi-lyrics/",2
❤❤,0
Super song ❤❤🎉🎉🎉,2
Nice bgm,0
1:13 of these song,9
I love this song very much,0
Super song❤,0
2:11,0
2:12  _நீ இன்னும் இன்னும் இன்னும் வேண்டுமே..._,1
❤❤❤❤❤❤❤,0
Superb 🎉,0
In earphone......just 💥😩💗✨,0
2:11 நீ இன்னும் இன்னும் இன்னும் இன்னும் வேண்டுமே wowwwwwwwwww ❤️🥰என என்னதிதழ் உனதுடல் தீண்டுமே 🥰❤️......,3
1.06,0
O:05❤,0
In that movie,0
The heroine is very crazy no😂,0
3:09,0
❤,1
I saw this at home also 🫠🫠🫠,0
0:17 bgm 🥵🥶🎧,47
ஓம் ஶ்ரீ சாய் ராம் 🙏🙏🙏,0
1:13 ❤️‍🩹😫🌍🎀🥺,2
❤💕🌹,0
How many ❤rukmini crush❤❤❤here🥰😘😘😘,1
OG Madhan karky anna lyrics♥️😇,0
❤❤❤❤❤❤❤❤❤❤❤❤❤❤❤❤❤❤,0
https://youtube.com/shorts/3GmTiHklkb4?si=luHJZMwksuGRuEBJ,0
உன் மார்பை இருக்கும் துணியால். கைதாக்கினால்❤❤❤,1
I love song❤❤,0
Voice melt kekum pothey nenachen chinmayi mam ah than irukkumnu,4
Anyone2026❤,0
Iva than da periya velaiya pathuvittu poita😅😅😅😂😂,3
2026 here ❤❤,0
💙melting,1
My dream songs,0
2:04 voiceuhh❤❤,3
1.03 💥,0
Most underrated song😢...but my favourite ❤❤❤..semma lines💕,0
En son ku just 3 1/2 years old boy but daily 5 times ku mela intha song kapan,6
Am just melted that song ❤oh my god  its so beautiful music an lyrics ❤,4
❤❤❤❤❤❤❤❤,0
wow super song.....👌👌,0
Entha oru song thaaa mind Full ahaaaaaa adhuvum anthaa voice aaaaaagaaaa konuttaaan pongaa 65 time ketta aaanalum bore agalaaaa,3
No words can express how much I love this song❤...What a song...🥹😍,2
2:11 wooooooooow,0
Anyone 2026,0
Wow🧡🔥🧡,1
Super  super song❤❤❤❤❤❤,1
Theater experience ♥️Dolby Atmos 🫡,4
என்ன song டா இது வேற லெவல் ல எழுந்திருக்காங்க ❤❤❤🎉🎉❤️,1
❤❤❤❤❤❤,0
Ippo vantha pudhu padathula enaku romba pidicha song Ithu mattum dha,2
"Malathi seems to be good, but she is too bad I, don't like him",0
Chimayee Akka voice ❤,3
0:37 ❤️🤧,0
Ithuthan Nalla music..inthe anirudh music eppothume same n yerichala irukum,1
Velichama irrukunu minmini pinnadi poidadhinge tholanchupoiduvinge🤔,0
This is my dream song❤💗🩷💞💓💖💝🌸💘❤️‍🔥🫶🌹💐🌸🪷💮,0
❤,0
Chinmyee akka  voice  wow ❤❤❤❤❤❤❤❤❤❤❤❤❤❤❤❤❤❤❤❤❤❤,5
❤valli.loveyou.song,1
🎉❤🎉🎉🎉🎉👌,0
Super song,0
My favorite.... ❤,1
2026 ........❤❤❤❤🎉🎉🎉🎉,2
Day by day views ⚡⚡⚡⚡,4
Bgm and Singers are super voice for this song ❤️❤️,4
❤❤❤❤❤❤,0
1:40😍,0
Tamil song is best feeling,1
Anyone from 2026 ❤😂,3
நெடு நாட்கள் கழித்து ஒரு நல்ல திரைப்படம் பார்த்ததில் மகிழ்ச்சி. ❤,11
"Nice lines, ending 👏🤞🫶",0
2:40 sema,2
1:1 Vera level super ❤,1
2026 anyone,0
Anyone 2026,0
any one in 2026✋,1
❤,1
https://youtube.com/shorts/vjBwePEANbc?si=V-qL47GNVRVsRUo9,0
67😊,0
1.23 what a chores score 🎼🎼🎶🎶🎼🎶🎶🎶,1
"Now tamil cinima spoiled by evils vijay and Ajith like commercial stars, when 90's golden period will come? Nowadays I seeing kannada movies and telugu movies",0
"0:59 
Very level",0
"My Chlm fav song ❤
I miss my Chlm😭😭😭
Miss you so much & love you ❤",0
Nice song.. ❤️,0
1:26 oh my God 😮,4
Lyrics vera level....yenakku mattu dhan apdi kettu cha illa adhu apdidhana,2
My heart melt 💖 this songs liycs,0
Myy favv...❤👀💘😫,2
I memory is sabarimalai ❤❤❤❤ ayyappa,3
❤❤❤,0
Really super good song 👍,1
Super movie and songs also🎉😊😊❤,1
❤❤❤❤❤❤,0
Almost 2 months over. But can't overcome from impact of this song😢❤🎉🎉. #19th December,2
Iam a vijay fan but My most favourite movie of all time kanthara 1&2 .,1
More than 5 times mela parthuta vimz bro🤣🤣tan tan tan illa na enna bro tanna na re na re (kgf bgm)Iruku la🤣🤣🤣😆,0
The song that enchanted me has melted away.💓🤗🤗🤗❤,0
Singers awesome selection 🎉🎉🎉,1
Such a cute song ❤,0
1:26 peak 💥🔥,0
👌❤❤❤,0
1:25 the corus and the sword scene 😳👀 make me goosebumps ❤,3
Bgm melted😢🙌🏻🔥,5
1:24 and 2:35 the music and the lady voice is really mesmerising which gives goose bump.🤗🤗🤗,2
Harishankar bro 🫶✨,0
1:27 to 1:39🎉🎉 beautiful,1
1:26❤ melting my heart,0
3:05 💀,1
Thee endru eriyum Kadu ondru 😊,0
"உலகே பொய்யடி 
கனவே மெய்யடி...

Yup it's true... Picked line nice❤",0
❣,0
Beautiful song ever seen😊❤❤❤❤❤❤❤❤❤❤❤❤❤❤,2
Recently addicted this song and   i like herione thirumpa thirumpa paathutu iruka🎉🎉🎉,0
Madana Mana Mohini Remix Dropped!💓,0
I like the song ❤,0
😅😊 we need tamil audio jukebox for kantara 2,1
❤❤❤❤❤❤❤❤❤,0
Day by day I'm addicted to this song❤❤❤,2
"Im furious !! Who is the makeup artist? Makeup artist is the one in duty to make sure all things are well prepared for bride a day before, Anyone in the position to do her hair do",1
Katara🎉 this,0
Extreme level of feeling ❤,1
அழகான தமிழ் வரிகள்❤❤❤,3
Deserved to touch 1000cr this film 🎥 😍,1
Is Vizhiyile Mani Vizhiyile song from Raja sir and this song is same Raagam? I can feel some sounding similarities.,0
my favourite song ❤❤❤❤❤🎉🎉🎉,0
Mujhe hindi samajh m aata h,0
Super song 😍😍,1
Berme nailed,0
0:16😎,0
Beautiful song,0
One of my favorite recently❤,0
Voice ❤❤❤❤,0
"வேங்குழலில் இழைந்தாயடி
என் காதயே!
மென்மயங்கி கிடந்தேனடி
என் போதையே!

வேல் என்றருத்திடும் விழிகள்
இரண்டில் நீ தாக்கினாய்
உந்தன் மார்பை இருக்கிடும் துணியால்
என்னை நீ கைதாக்கினாய்
உலகே பொய்யடி...கனவே மெய்யடி
அதில் வாழ்வோமா பூங்கோதயே!…ஹோ

தீயென்ரெரியுங் காடொன்றில்
கீச்சாக் கிளிகள் உறவாட
நீண்டே விரியும் விசும்பென்றே
தீண்டா ஏக்கம் விரிந்தாட

வேங்குழலில் இழைந்தாயடி
என் காதயே!...
மென்மயங்கி கிடந்தேனடி
என் போதையே!

துரும்பென இளைத்திவள் உருமாற
விருந்தாக எனை பறிமாற
கருங்கணி சுவையினில் உயிர் ஊற
துரந்தேனே நாணம் வெறியேற

நீ இன்னும் இன்னும் இன்னும் இன்னும் வேண்டுமே
என எனதிதழ் உனதுஉடல் தீண்டுமே...ஏ உனை இடையனி என பூண்டுவேண்
நீ இறங்கிட இருதயம் தூண்டுமே

உறங்காதேரேனோ
உயிராய் மாறேனோ
வலிதாங்காயோ பூங்கோதயே!…ஹோ

தீயென்ரெரியுங் காடொன்றில்
கீச்சாக் கிளிகள் உறவாட
நீண்டே விரியும் விசும்பென்றே
தீண்டா ஏக்கம் விரிந்தாட...",139
❤😂🎉A😢😮😅😊❤😂🎉😢😮😅😊❤😂🎉😢😮😅😊,1
So Emothional 🤧😢😢song Attraktive this Leriks 😢😭😭,1
1.12.2025 yaaru pakkuringa,1
"First time - Not bad 😅
Second time - Ok 🎉
Third time - Superb ❤
Then - Wow nice 😳 
Now - Addicted... 💕🔥🎧",29
1:25 mind blowing 🎭❤️🥹,5
#Muthamazhai chinmayi 💫😍,1
Rukmani now❤ at climax💀,3
Anyone Nov 30 listen the song ?,0
0:20 so gud obsesses with the vocals,2
❤️❤️❤️❤️❤️❤️❤️,1
Latest attited the song 🎵 ♥️,0
neriya movie theatre la paathu iruka but entha movie um marupadiyum pakanum nu thoanala.entha movie mattum paakkanum nu thonudhu marubadiyum🎉❤❤❤,1
❤❤❤❤❤❤❤❤❤❤❤❤❤❤❤❤❤❤❤❤❤❤❤❤,0
Very beautiful songs like,1
Hi,0
My favourite song ❤❤❤❤❤,1
Who all today,1
Addicted this song,4
❤❤️,1
Who else watching this song on 27/11/2025,0
"பாட்டின் வரிகள் மற்றும் பாடகர்களின் குரல்வளம் அருமை ,",3
I really missed this movie in theatre 😔,1
❤❤❤,0
Melting voice ✨🤗💗,1
Now my fav song🤕😩,1
Sema Song .. ❤❤❤🥰🥰,1
Recently addicted,2
I love love love this song very much and varigalin vadivam azhago azhagu,1
This  song  fully fresh feel ya,4
I like malayalam version,0
❤❤,0
S iam also addicted 24.11.25,0
Super,2
15 lakhs kuduthu udathava vendum om sri kubeyraya namaga,0
2:20 lyriics ne ennum ennum❤,0
"வேங்குழலில் இழைந்தாயடி
என் காதயே!
மென்மயங்கி கிடந்தேனடி
என் போதையே!

ஆண் : வேல் என்றருத்திடும் விழிகள்
இரண்டில் நீ தாக்கினாய்
உந்தன் மார்பை இருக்கிடும் துணியால்
என்னை நீ கைதாக்கினாய்
உலகே பொய்யடி
கனவே மெய்யடி
அதில் வாழ்வோமா பூங்கோதயே!…ஹோ

பெண் மற்றும் குழு : தீயென்ரெரியுங் காடொன்றில்
கீச்சாக் கிளிகள் உறவாட
நீண்டே விரியும் விசும்பென்றே
தீண்டா ஏக்கம் விரிந்தாட

ஆண் : வேங்குழலில் இழைந்தாயடி
என் காதயே!
மென்மயங்கி கிடந்தேனடி
என் போதையே!

ஆண் : துரும்பென இளைத்திவள் உருமாற
விருந்தாக எனை பறிமாற
பெண் : கருங்கணி சுவையினில் உயிர் ஊற
துரந்தேனே நாணம் வெறியேற

ஆண் : நீ இன்னும் இன்னும் இன்னும் இன்னும் வேண்டுமே
என எனதிதழ் உனதுஉடல் தீண்டுமே
பெண் : ஏ உனை இடையனி என பூண்டுவேண்
நீ இறங்கிட இருதயம் தூண்டுமே

ஆண் : உறங்காதேரேனோ
உயிராய் மாறேனோ
வலிதாங்காயோ பூங்கோதயே!…ஹோ

பெண் மற்றும் குழு : தீயென்ரெரியுங் காடொன்றில்
கீச்சாக் கிளிகள் உறவாட
நீண்டே விரியும் விசும்பென்றே
தீண்டா ஏக்கம் விரிந்தாட",2
Semma song,0
1:41,0
🫠🫠🫠💙💙💙💙💙💙💙💙,0
"சத்தியன் அவர்களுக்கு மனமார்ந்த நன்றிகள் 

திறமையை மண்ணுக்குள்ளே மூடி வச்சாலும் வெளியூல வந்துதான் ஆகும் அது திறமையின் நியதி",0
Anyone 21:11:2025,0
Felt like crying while hearing this song🥹❤️‍🔥,0
Bgm 🤗🤗🤗,0
"Karnataka, hindi, Delugu, malayalam, this song play But Not Good 
Tamil This Song Lyrics, Voice Sema Super Very Super 👌👌👌💥💥🔥🔥🔥👌",1
💖🎧💖,0
படம் பார்த்த முதல் தினமும் இந்த பாடலை கேட்டுக்கிட்டே இருக்கேன்,2
"வெய்ங்‌குழலிழைந்தாயடீ
என் காதையே!
மென்மயங்கிக் கிடந்தேனடீ
என் போதையே!

வேலென்றறுதிக்கும் விழிகள்
இரண்டும் நீ தாக்கினாய்
உந்தன் மார்பை இருக்கும் துணியால்
என்னை நீ கைதாக்கினாய்

உலகே பொய்யடீ
கனவே மெய்யடீ
அதில் வாழ்வோமா பூங்கொதையே!

தீயென்-றெரியும் காடொன்றில்
கீசாக் கிளிகள் உரவாட
நீண்டெ விரியும் விசும்பென்றே
தீண்டா ஏக்கம் விரிந்தாட

வெய்ங்‌குழலிழைந்தாயடீ
என் காதையே!
மென்மயங்கிக் கிடந்தேனடீ
என் போதையே!

துரும்பென இளைத்திவள் உருமாற
விருந்தாக என்னை பரிமாற
கருங்கனி சுவையில் உயிர் ஊற
துறந்தேனே நாணம் வெறியேற

நீ இன்னுமின்னுமின்னும் வேண்டுமா
என எனதிதழ் உனதுடல் தீண்டுமா
ஏ உனை இடையணியென பூண்டுமா
நீ இறங்கிட இதயம் தூண்டுமா

இறங்காதேரோ
உயிராய் மாறேனோ
வலித்தாங்கயோ பூங்கொதையோ!

தீயென்-றெரியும் காடொன்றில்
கீசாக் கிளிகள் உரவாட
நீண்டெ விரியும் விசும்பென்றே
தீண்டா ஏக்கம் விரிந்தாட

வேலென்றறுதிக்கும் விழிகள்
இரண்டும் நீ தாக்கினாய்
உந்தன் மார்பை இருக்கும் துணியால்
என்னை நீ கைதாக்கினாய்

உலகே பொய்யடீ
கனவே மெய்யடீ
அதில் வாழ்வோமா பூங்கொதையே",2
உங்கள் சிரிப்பு நன்றாக இருந்தது❤😊😊😊,0
Rishab  Shetty song,0
❤❤❤❤,0
❤❤❤❤❤,0
Dedicated to my azhagamma,0
❤,0
20 11 2025❤,1
Who is watching on 19/11/2025 10.40pm,0
0:11,0
0:11,0
❤❤❤🎉,0
1:26 is amazing parts in this song❤❤❤,0
"Tamil is more better than other language 

Especially lyrics and singers",0
0:59 to 1:25 🕯️,0
Tamil version ❤❤❤❤❤❤,0
Mandaika oodite iruku indha song😍😍😍🤌🏻❤️💥,1
Theater feel hitz different😍😍😍✨ loop song🎀🧚🏻‍♀😇,1
❤,0
Therter la intha song nan sariya experience pannala ipo nalla irukku good song,0
"வைரமுத்து எனும் (வரி)ப்புலிக்கு 
பிறந்த குட்டிப்புலியின்
வரிகள் :மதன்கார்க்கி🧡🐯🔥",1
Semma song,0
"Still addicted to this song ❤
What a voice ☺️😍",0
Theatre goosebumps❤️🔥,0
Anyone today❤❤❤,0
Great lyrics ❤❤❤❤❤❤❤❤❤❤❤❤❤❤❤❤❤,0
Lyrics super ❤,0
Pls release orginal tamil dubbed version tamil subtitles add pls,0
WOW song,0
Heart touching music n voice....song..,0
"I Love this Song. My daily morning routine to hear this song.
Rishab thanks for creating such a song which makes goosebumps everytime we hear it. You deserve an Oscar award. For Kanthara.  I wish you all the best",0
"I Love this Song became my daily morning routine to hear this song.
Rishab thanks for creating such a song which makes goosebumps everytime we hear it. You deserve an Oscar award. For Kanthara.  I wish you all the best",0
ஊருற வீட்டுட் போயிட ஏதும் வராது 😢,0
Super 💖,0
"0:16 this BGM is i travel this pace,i listen it",1
Very amazing beautiful lovely (etc..... )song  ❤❤❤❤❤😊😊😊😊😊,1
1:40ses🥰🥰🥰🥰,0
tamil version of this song is very nice,1
Platinum ✨❤️😌,0
I like this movie and this movie 's song,0
Anyone lestening every day this song😊,10
Love this song so much.that chemistry is a perfect one.more than 50 times here it❤,0
Awesome ❤,0
Very Nice song❤ my favorite now🙌🏻,0
Tamil is always a sweet language   along with nice music and lyrics 💗🤩,1
Pure tamil words ✴️ proud to be a tamilian 🎉,2
Malayalam another level💥,0
0.17,2
தூய தமிழ் வரிகள் பாட்டை மேலும் அழகாக மாற்றிவிட்டது,9
Anyone listening today❤❤🎶🎶,4
Something special about this song,1
I like rishab shetty smile 😊,0
முருகா உன் தமிழ்ச் ஓங்கி ஒலி க்க டும் ☀️ அதி அருணாச்சல..,1
What a songg wowwwwwww❤❤❤❤❤,7
1:27 🤤,0
Could you please release the Karma  song from kantara 1 legend ..,0
Super song ❤❤❤,0
❤,0
"Awesome movie. Awesome music, direction elame. Even the tiger looked like original. Avlo thathroobama irundhudhu.. not comparing with anyone. But still requesting new direction with new ideas inspite of the regular stories ..",1
Amazing flim❤❤❤❤❤❤,0
❤❤❤❤❤❤❤❤❤❤❤❤❤❤❤❤❤❤,0
❤❤❤,1
🎉❤❤❤❤,0
1:13 melts me😌❤️,47
Mind pa Oodite Iruku Song❤,1
Recently addicted ❤❤❤,0
❤,0
❤❤❤,0
❤ vera level feel bha,0
❤❤❤❤❤❤🌹🌹🌹🌹,0
From kerala but singers voice and music vere level,2
1:20 this lines❤️‍🩹,17
Feeling songs 😢,1
Hari Sankar voice is melting ❤,0
"Madhan Karky rocks 🎉, you are really great man ❤",3
Super song feel love ❤❤,0
❤,0
Whole movie starting to finish fully goosebumps 🔥🔥🔥,2
Royal salute to veer marati people. And our Ilaiyaraja sir is there unite Bharat people as one,0
"I heard all languages version, Tamil is top",4
11/11/2025💙,1
Why this song is so short !!,0
"Male : Vaeynguzhalil izhaindhaayadi
En kaadhaiyae!
Menmayangi kidandhaenadi
En boadhaiyae!

Male : Vael endraruthidum vizhigal
Irandil nee thaakkinaai
Undhan maarbai irukkidum thuniyaal
Enai nee kaidhaakkinaai
Ulagae poiyadi
Kanavae meiyadi
Adhil vaazhvomaa poongoadhaiyae..hoo

Female and Chorus : തീ എൻഡ്രേരിയും കാടൊൻഡ്രിൽ
കീച്ചാ കിളികൾ ഉറവാടാ
നീണ്ടേ വിരിയും വിസബെൻഡ്രെ
തീണ്ടാ യേക്കം വിരിന്താട്

Male : Vaeynguzhalil izhaindhaayadi
En kaadhaiyae!
Menmayangi kidandhaenadi
En boadhaiyae!

Male : Thurumbena ilaithival urumaara
Virundhaaga enai parimaara


Female : കരുങ്കനി ചുവയിനിൽ ഉയിർ ഊര
തുറന്തേനേ നാണം വെരിയേറ

Male : Nee innum innum innum innum vaendumae
Ena enadhidhazh unadhudal theendumae


Female : ഏ ഉനൈ ഇടയണി എന പൂണ്ടുവേൻ
നീ ഇറങ്കിടാ
 ഇരുദയം തൂണ്ടുമേ

Male : Urangaadhaeraeno
Uyiraai maaraenoaa
Valithaangaayoo poongoadhaiyae hoo

Female and Chorus : തീ എൻഡ്രേരിയും കാടൊൻഡ്രിൽ
കീച്ചാ കിളികൾ ഉറവാടാ
നീണ്ടേ വിരിയും വിസബെൻഡ്രെ
തീണ്ടാ യേക്കം വിരിന്താട്",1
Recent addicted,0
I found why the song was Excellent. Reason is lyrics is Madhan Karky🥵🔥🔥,5
Sound track super❤❤❤,1
"Congratulations to the wonderful music, lyrics, design, all the best to the film crew... ❤❤❤🎉🎉🎉",0
This song requires more views. After PS songs release this is the best Tamil melody in recent times,2
"கனகவதி - ரிஷப் செட்டி லவ் பண்ணும் போது என்னடா இது🤮🤮🤮🤮 அப்படித்தான் எனக்கு தோணுச்சு 😂.
 அது மட்டுமா அந்த குடிகார ராஜா தான் கனகவதி ஓட புருஷன் என்னடா இது கனகவதி கள்ளக்காதல் இருக்காங்களான்னு கூட நினைச்சேன்.😜
 அப்புறமா தான் தெரிஞ்சது அந்த குடிகாரன் ராஜா கனகவதி ஓட அண்ணன் என்று.
 கடைசி வரைக்கும் அந்த சின்ன பொண்ணு யாருன்னு சொல்லாமலே முடிச்சிட்டானுங்க. 😢",1
Latest adiitt,0
Sema feeling,0
I'm watching this daily atleast once 😅,2
Fav song❤❤❤❤❤❤,0
அப்பனா பத்தி தான் சொல்லுத என்னன்னு தெரியல ஆன என்னமோ சொல்லுது இந்த பாட்டு மறக்க முடியாத நினைவுகளை கொடுத்திருக்கு நிறைய மக்களுக்கு,0
Seme voice❤❤,1
இந்தப் பாட்ட கேட்கும் போது உள்ளுக்குள்ள ஏதோ ஒன்னு தோணுது பா😊😊😊 வேற மாதிரி இருக்கு,1
Super song ❤,0
"That music,Tamil lyrics evening in wonderful this song is marvelous....✨💗🌸☺️",0
"வேலென்றறுத்திடும் விழிகள் இரண்டில் நீ தாக்கினாய்!
உந்தன் மார்பை இருக்கிடும் துணியால் எனை நீ கைதாக்கினாய்!
உலகே பொய்யடி!
கனவே மெய்யடி!
அதில் வாழ்வோமா பூங்கோதையே....❤️ 
Now a days, it's rare to see these type of lyrics even in tamil songs also, but karky had made the most beautiful lyrics in a dubbed song!✨",8
Amazing song 🎉❤,0
0:16 BGM ❤Vera level,0
Absolutely all hail to the Kannada Movie Industry. But you need to hear this song in Tamil. The lyrics and voices match beyond perfect.,15
Ahhh ahhh❤❤❤❤,0
Wow🎉❤❤🎉,0
😢,0
Indha song na en ammakku deket pandren ❤❤❤❤❤❤❤❤ download video pottukku thanks,0
1:25 2:37,0
Song ❤,0
இது போன்று படம் பார்த்து இல்லை இது போல் படம் இது மாதிரி யாரலும் இனிமேல் எடுக்க முடியாது. நன்றி சார்,1
Very super song,0
❤❤❤❤❤,0
Melt melt melt ❤,1
Ava than da periya velaya pathutu poita 😂😂,0
Earworm,0
💯 watched,1
Negative lady villan of this movie kantara chapter 1 but God winning climax thank you,0
😢😢😢😢😢😢😢😢😢😢😢,0
Good god movie of Indian cinema forever world of cinema,0
Such a lovable song,0
Tamil and Malayalam version hits 🎧🎼💯Different feel from my heart 😍🥰❤‍🩹,0
ena kaapathunga ingaiye than irukan 😢😢😢,1
KS Harishankar ❤🎤❤️👌👌,1
Addict the song ❤,0
❤❤❤,0
Recent addicted this song,3
How many times to hear no boring🎉🎉🎉🎉 10 tens a day❤❤❤,3
Iam addicted ❤❤❤❤❤❤,2
Song watch every day  bgm😊,0
பிறந்தநாள் வாழ்த்துக்கள் மலையாள கிறித்தவ திருமகன் . செபாஸ்டின் சைமன் அவர்களே!,0
Wow this is song is getting  favourite ❤🎉,0
Mani Kandan dubbing is ❤awesome ❤,0
Soo good,0
❤favv song✨,0
கடைசியாக ஹீரோயின்  வில்லியானு பாக்கும்போது கஷ்டமாக இருந்தது😢,1
❤️‍🔥❤️‍🔥❤️‍🔥😇,1
Same tune the first and second part of two songs.i feel it,1
1:26,1
So nice love feeling 💕😍,0
Voice of chinmayii ❤,4
Sema song,0
Best movie + songs year 2025,0
Loop mode is on 😌💎,1
Indian cinema 🎥 😍,0
Nice song❤,1
0.43 - 0.46 Is that Calling bell sound? am i the only one hearing this? 😅,2
❤,0
Music hit my mind 😇 lyrics hit my heart ❤️ kantara hit wordwide 🎉❤....🙏🙏🙏,1
"Fantastic song like singara siriye, Ajaneesh is something else man",3
loop mode 3 days ❤❤❤🎉🎉,1
Oru mathi mind la odditu eruku nice song 😊😊😊🫠🫠🫠,6
Tamil la awesome ha irukku ❤male voice melting me 😌,17
one of my favourite lovable song and the portion of thurumbenay illaithu ival illaipara awesome part of this  whole song😇🥰😍❣,0
24/7 on loop❤,3
Next time please change the heroine..she looks like old lady,1
Theatre experience is awesome😊,1
I love this song ❤😍,1
❤,0
❤❤❤❤❤❤❤❤❤❤❤❤❤,1
எனக்கு மிகவும் பிடித்த பாடல்  படம் இது தான்❤❤❤❤❤,1
❤,1
"Whole song

Those who don't know - 😍🥰😘
Those who know - 💀☠️👹",2
Male voise yaru solla mutiyuma,1
"வேங்குழலில் இழைந்தாயடி என் காதையே 
மென் மயங்கி கிடந்தேனடி என் போதையே 
வேலென்றருத்திடும் விழிகள் 
இரண்டில் நீ தாக்கினாய்
உந்தன் மார்பை இறுக்கிடும் துணியால் 
என்னை நீ கைதாக்கினாய்
உலகே பொய்யடி, கனவே மெய்யடி 
அதில் வாழ்வோமே பூங்கோதையே! ஹோ.....
தீயின்றெரியும் காடொன்றில், 
கீச்சா கிளிகள் உறவாட 
நீண்டே விடியும் விசும்பென்றே  
தீண்டா ஏக்கம் விரிந்தாட
வேங்குழலில் இழைந்தாயடி என் காதையே.. 
மென் மயங்கி கிடந்தேனடி என் போதையே...
துரும்பென இளைத்திவள் உருமாற 
விருந்தாக எனை பரிமாற 
கருங்கனி சுவை இதில் உயிர் ஊர 

துறந்தேனே நானும் வெறியேர

நீ இன்னும் இன்னும் இன்னும் வேண்டுமே 

என எனதிதழ் உனதுடல் தீண்டுமே
உன இடை அணியெத பூண்டுமே 
நீ இறங்கிட இருதயம் தூண்டுமே
இறங்காதேறேனோ உயிராய் மாறேனோ 
வலி தாங்காயோ பூங்கோதையே! ஹோ.....
தீயின்றெரியும் காடொன்றில், 
கீச்சா கிளிகள் உறவாட 
நீண்டே விடியும் விசும்பென்றே
தீண்டா ஏக்கம் விரிந்தாட
வேலென்றருத்திடும் விழிகள் 
இரண்டில் நீ தாக்கினாய்
உந்தன் மார்பை இறுக்கிடும் துணியால் 
என்னை நீ கைதாக்கினாய்
உலகே பொய்யடி, கனவே மெய்யடி 
அதில் வாழ்வோமே பூங்கோதையே! ஹோ.....
சினிமா ரசிகர்களுக்கு நாளை செம ட்ரீட் தான்..",1
I like this song very much,1
Matha languages la  indha song keta but nama tamil la indha song keka song honey la dip paninadhu pola ituku ❤,2
❤❤❤,1
சூப்பர் song My favourite lovely song ❤❤❤❤❤❤❤❤,2
"இது போன்ற படமும் , பாடல்களும் அதன் வரிகளும் தமிழ் சினிமாவில் காணல் நீராகி போனதே...😢",187
❤,0
Watched four times so far in a theatre near my house! ❤️ Kantara 😊,2
"🙋‍♂️யாரும் இல்லை 2026..?? 
🔥🔥
இந்த பாடல் எனக்கு மிகவும் பிடிக்கும் ❤️❤️",1
0:16 music 🫠💗✨,1
"No much hype , no travel for promotion, no major stars from other industry  for regional reach, no big name actors. Only Pure visual, bgm , song and content❤",2
1.46 to 1.53 voice 🫠🫠,0
Both Malayalam and Tamil 😭❤️‍🩹,0
"Lovely 🌹😍🎉❤️💝💕🩷💟🥳 i can't explain in a word 
The BGM ❤❤❤❤❤❤❤",0
Tamil Version hits different ❤️,4
Great Musician❤,1
0:15 apdiye .....🤯😩😫😵😵‍💫😇,0
Oru alaya ava kalaya ava 😂😂 intha paata keluga da,0
Super heart touch ❤song and my ringtone addict song melt voice one❤❤❤🎉🎉🎉🎉,0
Vera level songs varigal vera level ❤❤❤,0
Rishep shetty 🧲Manikandan voice 🤯 🔥🔥,1
Music+male voice ❤,1
Beautiful song ❤❤❤❤❤,0
Beautiful meaningful lines in Tamil after PS😍❤ Composition and voice 😍❤️❤️❤️lovely... captivating ..both visual and listening ❤❤❤loved it😍❤️,2
"தீம் தனன தீம், தீம் தனன தீம்

ததரி தரி தநி 

ததரி ததரி ததரி தா.....

வேங்குழலில் இழைந்தாயடி என் காதையே 

மென் மயங்கி கிடந்தேனடி என் போதையே 

வேலென்றருத்திடும் விழிகள் 

இரண்டில் நீ தாக்கினாய்

உந்தன் மார்பை இறுக்கிடும் துணியால் 

என்னை நீ கைதாக்கினாய்

உலகே பொய்யடி, கனவே மெய்யடி 

அதில் வாழ்வோமே பூங்கோதையே! ஹோ.....

தீயின்றெரியும் காடொன்றில், 

கீச்சா கிளிகள் உறவாட 

நீண்டே விடியும் விசும்பென்றே  

தீண்டா ஏக்கம் விரிந்தாட

வேங்குழலில் இழைந்தாயடி என் காதையே.. 

மென் மயங்கி கிடந்தேனடி என் போதையே...

துரும்பென இளைத்திவள் உருமாற 

விருந்தாக எனை பரிமாற 


கருங்கனி சுவை இதில் உயிர் ஊர 

துறந்தேனே நானும் வெறியேர

நீ இன்னும் இன்னும் இன்னும் வேண்டுமே 

என எனதிதழ் உனதுடல் தீண்டுமே

 

உன இடை அணியெத பூண்டுமே 

நீ இறங்கிட இருதயம் தூண்டுமே

இறங்காதேறேனோ உயிராய் மாறேனோ 

வலி தாங்காயோ பூங்கோதையே! ஹோ.....

தீயின்றெரியும் காடொன்றில், 

கீச்சா கிளிகள் உறவாட 

நீண்டே விடியும் விசும்பென்றே

தீண்டா ஏக்கம் விரிந்தாட

வேலென்றருத்திடும் விழிகள் 

இரண்டில் நீ தாக்கினாய்

உந்தன் மார்பை இறுக்கிடும் துணியால் 

என்னை நீ கைதாக்கினாய்

உலகே பொய்யடி, கனவே மெய்யடி 

அதில் வாழ்வோமே பூங்கோதையே! ஹோ",1
❤😍💥,0
A visually appealing piece of work but tbh this script is a total piece of crap 💩 no disrespect to people who believe in this peculiar god in I suppose....,0
"Masterpiece delivered from the kannada industry to the tamil audience ❤
it's sad that recent times can't hear such songs in Tamil movies",4
Recent addiction.. ❤,0
"mesmerizing voice, music, lyrics and visuals",1
Coll song❤😮😊🫠🫠🎉,0
Last la dhan twist!😊,0
I bet this song is going to go viral with anyone having a bike ! Awesome !!!,2
I am very addictive to this song,2
Madhan karki❤,1
அந்த இதய துடிப்பு ...wow! In the library Maestros provides personal time for us,1
❤❤❤❤❤❤❤❤❤❤❤,0
Really awesome❤❤❤,1
"Use lyricists like this. Nowadays they only wrote just a hero elevation song, written like what their fans need. Cinema always needs poetic songs like this. Just giving songs which are trending in insta before release of the film is needed to stop. Strong lyrics and music hold the songs.",0
This year 2times of watch in theatre this flim🎉🎉❤,0
Subscribed🎉,0
2.11 is magic potion ❤❤,0
❤❤❤ 0:29,2
Tamil audience 🙋,2
Addict this song,0
Lyrics tamil la potruntha nalla irukum,0
Indha song oru madhiri pannidhu mandaikulla...idhella innum konjam naal la ennala keka mudiyathu nu nenaikumbodhu dha kastama irukku.....indha movie la vara mathiri ennaiyum oru ponnu yemathita.....avalachum nalla irukkattum.,0
Super sang,1
Bgm vera level❤,0
❤❤❤❤❤❤,0
It remains கண்ணீரே கண்ணீரே song from uyire,0
1:26  portion ✨💫,1
Adiboli song,0
Theatre la intha song paakum pothu chumma apdi irunthuchi ❤kitta thatta addict aagiten intha song ku😍😘❤️🥰💓💕♥️,1
Dedicate this song for my future girl ❤,0
"Madhan karky sir you nailed it, this is one of your best...",18
❤❤❤❤❤❤❤❤❤❤❤❤❤❤❤❤❤❤❤❤❤❤,0
Chinmayi made this dozen times better than kannada version....,3
2:48 the walk though🤌😍,4
Chinmayi🎉🎉,2
Karky - ன் கைவண்ணம்❤ (Lyrics)🔥🔥🔥,23
Listening for past 10days so good😊😊,7
those who experienced this song in a good sounded theater🤯💖💘😭,2
Pa enna song 🎵 ❤❤,1
last stanza is missing in this version but in theaters the last stanza came check the lyrics they gave,0
Magical songs ❤❤,0
My recent addiction ❤ lovely that song and kanagavathi,0
0:20 amazing,0
Theaterla kettapo ennaiya  thoalachi nane rasicha  song ithu.❤❤❤❤❤❤❤,1
2:11 ❤️,0
Beautiful song❤❤❤❤❤,0
"தீம் தனன தீம், தீம் தனன தீம்

தீம் தனன தீம், தீம் தனன தீம்

ததரி தரி தநி 

ததரி ததரி ததரி தா.....

வேங்குழலில் இழைந்தாயடி என் காதையே 

மென் மயங்கி கிடந்தேனடி என் போதையே 

வேலென்றருத்திடும் விழிகள் 

இரண்டில் நீ தாக்கினாய்

உந்தன் மார்பை இறுக்கிடும் துணியால் 

என்னை நீ கைதாக்கினாய்

உலகே பொய்யடி, கனவே மெய்யடி 

அதில் வாழ்வோமே பூங்கோதையே! ஹோ.....

தீயின்றெரியும் காடொன்றில், 

கீச்சா கிளிகள் உறவாட 

நீண்டே விடியும் விசும்பென்றே  

தீண்டா ஏக்கம் விரிந்தாட

வேங்குழலில் இழைந்தாயடி என் காதையே.. 

மென் மயங்கி கிடந்தேனடி என் போதையே...

துரும்பென இளைத்திவள் உருமாற 

விருந்தாக எனை பரிமாற 


கருங்கனி சுவை இதில் உயிர் ஊர 

துறந்தேனே நானும் வெறியேர

நீ இன்னும் இன்னும் இன்னும் வேண்டுமே 

என எனதிதழ் உனதுடல் தீண்டுமே

 

உன இடை அணியெத பூண்டுமே 

நீ இறங்கிட இருதயம் தூண்டுமே

இறங்காதேறேனோ உயிராய் மாறேனோ 

வலி தாங்காயோ பூங்கோதையே! ஹோ.....

தீயின்றெரியும் காடொன்றில், 

கீச்சா கிளிகள் உறவாட 

நீண்டே விடியும் விசும்பென்றே

தீண்டா ஏக்கம் விரிந்தாட

வேலென்றருத்திடும் விழிகள் 

இரண்டில் நீ தாக்கினாய்

உந்தன் மார்பை இறுக்கிடும் துணியால் 

என்னை நீ கைதாக்கினாய்

உலகே பொய்யடி, கனவே மெய்யடி 

அதில் வாழ்வோமே பூங்கோதையே! ஹோ.....",0
Avalum ❤️✨💙 Nanum,0
Loop songs I'm melting 💙💙💙💙😻🫠,2
மிகவும் அற்புதமான பாடல் தினந்தோறும் 10 முறையாவது கேட்டு விடுவேன் இசையும் பாடல் வரிகளும் அற்புதம்,1
"2 : 42, 2 : 46 she looks dashing",0
Nice song,1
2.14 ayyayo ennaya ipdi iruku,1
Melody o melody ❤❤❤,1
தியேட்டர் experience amazing🎉,1
I am bengali I love this song  ❤,0
So very nice,0
Lyrics Engineer MADAN KARKY MASS❤❤❤,6
❤,0
மீண்டும் பார்க்க தூண்டும் படம்,1
"Listened all the versions, but tamil version is just awesome ❤",9
Fantastic song ❤❤❤❤,0
2:46 💀IYKYK,1
அருமையான பாடல் வரிகள் அருமை வசனம் எழுதினார் 🎉❤,1
From every language Tamil❤❤❤,0
🥲😮‍💨,0
1:42  bass boosted 💥💥,7
This bgm❤❤❤❤❤❤❤❤❤❤,0
"தீம் தனன தீம், தீம் தனன தீம்

தீம் தனன தீம், தீம் தனன தீம்

ததரி தரி தநி 

ததரி ததரி ததரி தா.....

வேங்குழலில் இழைந்தாயடி என் காதையே 

மென் மயங்கி கிடந்தேனடி என் போதையே 

வேலென்றருத்திடும் விழிகள் 

இரண்டில் நீ தாக்கினாய்

உந்தன் மார்பை இறுக்கிடும் துணியால் 

என்னை நீ கைதாக்கினாய்

உலகே பொய்யடி, கனவே மெய்யடி 

அதில் வாழ்வோமே பூங்கோதையே! ஹோ.....

தீயின்றெரியும் காடொன்றில், 

கீச்சா கிளிகள் உறவாட 

நீண்டே விடியும் விசும்பென்றே  

தீண்டா ஏக்கம் விரிந்தாட

வேங்குழலில் இழைந்தாயடி என் காதையே.. 

மென் மயங்கி கிடந்தேனடி என் போதையே...

துரும்பென இளைத்திவள் உருமாற 

விருந்தாக எனை பரிமாற 


கருங்கனி சுவை இதில் உயிர் ஊர 

துறந்தேனே நானும் வெறியேர

நீ இன்னும் இன்னும் இன்னும் வேண்டுமே 

என எனதிதழ் உனதுடல் தீண்டுமே

 

உன இடை அணியெத பூண்டுமே 

நீ இறங்கிட இருதயம் தூண்டுமே

இறங்காதேறேனோ உயிராய் மாறேனோ 

வலி தாங்காயோ பூங்கோதையே! ஹோ.....

தீயின்றெரியும் காடொன்றில், 

கீச்சா கிளிகள் உறவாட 

நீண்டே விடியும் விசும்பென்றே

தீண்டா ஏக்கம் விரிந்தாட

வேலென்றருத்திடும் விழிகள் 

இரண்டில் நீ தாக்கினாய்

உந்தன் மார்பை இறுக்கிடும் துணியால் 

என்னை நீ கைதாக்கினாய்

உலகே பொய்யடி, கனவே மெய்யடி 

அதில் வாழ்வோமே பூங்கோதையே! ஹோ.....",0
1:26 her face while turning around 😂,1
Rukmini classical dance awesome 🎉🎉😊,0
❤❤❤❤❤❤❤,0
❤💖💘💝❣️💕💕💞,0
அருமையான  பாடல்.மீண்டும் மீண்டும் கேட்க  தூண் டுகிறது,0
💗👸😩,0
Suiiiiiiiiiiiiiiiiiiiiiiiiiiiiiiiiiiii,0
Enna voice ...melting....🎉,0
"0:39 what a voice and lyrics!❤❤❤
Added in to my favourite playlist.",10
"Rishab, Rukmani
BGM
Singers Harishankar and Chinmayi... Very Nice
Lighting
Cinematography
Art...
😍",1
Waiting to watch this song here.....it was such a beautiful experience in theatre!!!!!❤❤❤❤ Loving it,0
❤❤,0
Bro literally taught us focus on goals not holes😂 if he was completely seduced ending would have been different,4
Recent fav addict song 😊😊❤❤,4
மூனு நாளா மனப்பாடம் பண்றேன் ஸ்கூல்ல  இப்படி இல்ல,1
நீ இன்னும் இன்னும் இன்னும் இன்னும் வேண்டுமே ..... என எனதிதழ் உனதுடல் தீண்டுமே... what a lyric 👏 2:11  ❤❤🥰😇😇,8
"Thanks for this, finally❤",0
Mehabooba song mathiri thirumba thirumba ketta song,3
அருமையான பாடல்.கேட்டுக்கொண்டே இருக்க தோணும்,0
Vera level song😍,0
0.9x slow la vachu kelunga... Really melting  💞💓💓,1
Indha song ah innum Konjam slow ah vachurkalam... My ever fav song.. Also my ringtone ❤❤❤,1
Mesmerizing ❤️‍🔥,0
Pls upload karma sad song also in tamil,0
Chinmayi ❤,2
Favorite song 💥❤vera level anu,0
Rukmini Vasanth walk at 2:47 is so beautiful 😻. I love her. She is really very pretty 😍,1
tamil and malayalam.......💎,1
"Who are really appreciate this mind blowing voice ....
Share the feel",0
Ajalesh Loknath...You deserve better place in Indian cinema industry🎉❤🔥,1
Melodious Queen Chinmayi ❤,5
Maarbai irukkum thuniyal enai kaithakinai 👌🏻👌🏻👌🏻,0
Malayalam lyrics poli😍😍😍,0
0:05 இப்ப கூட கேட்கும் போது போய் எதாவது தியேட்டர் available film இருக்கானு பாக்கரன்..5 தடவை பார்க்க,0
2:39 டேய் யப்பா பாடனது யாருயா.. இசை யாரு... எத்தனை தடவையா கேட்கரது.. இந்த பாடலும் கர்மா பாடலும்.. நான் கேட்பன்யா போங்கயா.. எத்தனை தடவனாலும்.. இந்த பட பாடல்கள் கேட்டால் வேறு எதோ உலகத்துக்குல போற மாதிரி இருக்கு..என்னா மூலிகைடா 😂,0
என் வாழ்க்கையில தியேட்டர்ல நான்கு முறை பார்த்த ஒரே படம் இது..இந்த பட பாடல் கேட்கும் போது எல்லாம் திரும்பவும் தியேட்டர் போய் பார்க்கனு தோனுது ❤❤❤❤ தீபாவளி எத்தனை படம் வந்தும் இதற்கு போட்டியில்லை,1
❤❤❤❤❤❤ wonderful music and lyrics ..,0
😇♥️♥️,0
0:58 உந்தன் மார்பை இறுக்கிடும் துணியால் என்னை கைதாக்கினாய் - இந்த வரி எழுதிட்டு costume design பண்ணிங்களா இல்லை costume design பண்ணிட்டு பாடல் எழுதினீங்களா இந்த பாட்ட தியேட்டர் ல கேட்டும் போது i melted,197
4.36 sivanukku aarathi kanbikkum katchiyil udal oru murai silirthu adangiyathu. Padathin pala idangalil  udal silirpathai unara mudinthathu. Enna oru thirai padam. Kadinamana ulaippu. Paratta vaarthai illai. Tamil cinimavai ninaithaal vetkamaga ullathu,1
Wow what a song,0
But its malayalam version ohh seen🥹❤️,0
❤,0
Heyy intha song romba nalla iruku oahh,0
❤️🔥😍,0
I love this song ❤❤,0
😩😩😩😩😩🥹🥹🥹🥹🥹😌😌😌,0
❤,0
Pov : theatre experience in this song 🎧😍💥🤌🏻,0
Best music by ajaneesh. So different ❤❤,0
❤❤❤,0
❤,1
Rukku ❤️❤️❤️,0
Since I watched this movie at the theatre. It never stopped running in my mind .❤❤ Violin tune was just awesome.,0
"ஆனா நான் கணிச்சு  விட்டேன் அந்த நகம் வெட்டும் போதும் முடியை வெட்டும் போதும் இந்த அம்மா ஏதோ சூழ்ச்சி பண்ண போது அப்படின்னு 😢😢😢
 அதுபோக அந்த கடைசி வசனம்....  
 வெளிச்சமா இருக்குன்னு மின்மினி பின்னாடி போயிடாதீங்க தொலைஞ்சு போயிடுவீங்க 💯💯💯🙌👍👍👍 தெளிவினும் தெளிவு hero🙏🙏🙏",7
உலகே பொய்யடி....கனவே மெய்யடி....அதில் வாழ்வோமா பூங்கோதையே❤❤❤❤,172
இந்தப் பாடலின் தமிழாசிரியர் யார் என்று கூறவும்....,0
Successful ah Dilwali Evening show paarthachu awesome movie,0
1:22❤,0
Rukku ❤❤😘😘,0
❤❤❤❤❤❤,0
Ponugala nambadinga guys,0
Crazy love song https://youtu.be/3P2eF3snaRo?si=NALrTRdUNoYXlNYF,0
This bgm melding our heart 💥,0
Everyone's favourite song of me ❤❤❤😂,1
இந்த பாடலை அனிருத் கண்ணில் படும் வரை ஷேர் செய்யவும்,21
Recently addicted to this song❤,0
1:26 and 2:40 that girl voice is like heaven in theater 😇,0
0:05 those who watched movie 🌚🌚🌚,0
Nice song❤❤❤❤❤❤,0
Recently addict this song,0
Literally stunning expressions. Rukmini you beauty 😍😍,3
Melting voice kantara fav movie both chapter songs all songs good,0
Recent addiction,0
Dubbed songs X Madhan karky lyrics 🐉🔥,0
Male voice wow❤❤❤,0
இந்த பாடல் வரிகள் கேட்டால் கல்லும் காமமுறும்,0
Nice song .lyrics. Singers🎉 ❤❤..🎉🎉🎉.,0
Today watch... 👀.. 😍↕️,0
Full hindi movie please dabbed ❤❤❤,0
What a song uffff😮👀🎀 use headphones 🥂,1
"1:26 -1:40 
Juzt wow ❣️🎶
Visual treats to eyes as well as ears 💓",1
❤,0
"❤💔😢 Theatre la Rukmini death tha feal panna pavam yaah.
☠️ 😢💔
*Rukmini yaah serai la pootu irukalam.
Illa na kantara alugaah Aadi maiii yaah vachi irukalam 💔💔",0
Awesome lyrics awesome music song super 😍,0
1:25 fav ❤😊,0
This song is just a breath of fresh air ❤❤❤,0
ನಾನೂ ಶಿವಣ್ಣನ ಅಭಿಮಾನಿ ಆದ್ರೆ!!! ಕಮ್ಯುನಿಸ್ಟ್ ಪಕ್ಷ ಹೇಗೂ ಕಾಂಗ್ರೆಸ್ ಪಕ್ಷದ ಅಭ್ಯರ್ಥಿಗಳ ಕಥೆಗಳು ಇರುವ ಈ ಚಿತ್ರ ನಾನು ನೋಡlla! ✍🏻,0
3:06 movie twist,27
Every local temple must implement mandatory Gita classes on Sundays to instill moral and ethical values in students and upcoming generation,1
"அருமையான பாடல் ,ஆனால் இப்படத்தில் பெருமாளை (ராமன்,கோதை, ஆண்டவர் பக்தர்களை) தீயதாக வர்ணிக்க பட்டதை என்னி நான் வருந்துகிறேன்..😢",0
Theatre Experience gives a different vibe 💥🥺💕,7
Nice song in tamil,4
Become my fav on the 1st lyrics and music,1
❤,0
After the intermission the real villain 😂😂,0
இந்த வரிகளை வர்ணித்து இருக்கிறார்கள் வரிகளால் வர்ணிப்பது வேறு வரிகளையே வர்ணித்து அதில் இசை வைரமாய் குரல் மகுடமாய்....மொத்தத்தில் மயக்கம் வரிகள் இசை பாடியவர்கள் என அனைவருக்கும் தலை வணங்குகிறேன்🙏,3
I'm madly addicted to this song❤❤❤❤,0
தமிழ் படம் நிறைய வந்து இருக்கு. இருந்தாலும் நான் நேற்று திரும்பவும் இந்த படம் குடும்பதுடன் சென்று பார்த்தோம். 15 நாள் முன்னாடி இதே படம் பார்த்தேன்.😭😭😭😭 ரொம்ப சந்தோஷமா இருக்கு இந்த படம் எத்தனை முறை பார்த்தாலும்🤗🤗... தமிழ் சினிமாவில் சாமி படம் வந்து 10 வருடம் ஆகி இருக்கும் போல😢😢😢 ஜாதி படங்கள் மட்டும் வருது😢😢😢 அறைத்த மாவை அறைகிறார்கள் 😢😢😢 அதன் ஏக்கம் தான் இந்த படம் 😭😭😭😭😭 மீண்டும் மீண்டும் பார்க்க வேண்டும் என நினைக்கிறேன்,1
I like this song in the Tamil versions more than others...🥰🥰🥰,6
heros writing and singing songs ruined this kind of songs,0
singara siruku vibe song..❤❤,0
Addicted 🥰🥰🥰,0
Loop mode meterial ❤,4
Madhan karky❤,0
Amazing song ❤,0
Tamil movies kuda ivlo azhaga tamil ah lyrics la use panna matranga... Thank you lyrics writer of this song 🙏🏻,7
"இன்னும் இன்னும் இன்னும் வேண்டுமே 

என எனதிதழ் உனதுடல் தீண்டுமே",0
"Kantara(2022) - He semmandha azhage ❤

Kantara chapter 1 - This song❤

Thank you Ajaneesh to make these masterpiece with great singers and lyricist",5
"Literally the same as Ponniyin selvan (costumes, sceneries, etc) 😄",0
❤❤❤melting 🫠 ❤❤Vera level feeling this song❤music super,1
Nice song,1
2:38 mass voice and lyrics,26
திரும்ப திரும்ப கேட்கிறேன் ❤❤,13
வெளிச்சமா இருக்குனு மின்மினி பூச்சி பின்னாடி போகாதிங்க தொலைஞ்சி போயிடுவிங்க,111
Both kantara have the best Love portraits elevation song ever❤,1
Tamil song super❤,0
"Intha song tamil lyrics Avalo azhaga iruku,",4
Mesmerizing🎉❤,0
"தீம் தனன தீம், தீம் தனன தீம்


தீம் தனன தீம், தீம் தனன தீம்

ததரி தரி தநி 

ததரி ததரி ததரி தா.....

வேங்குழலில் இழைந்தாயடி என் காதையே 

மென் மயங்கி கிடந்தேனடி என் போதையே 

வேலென்றருத்திடும் விழிகள் 

இரண்டில் நீ தாக்கினாய்

உந்தன் மார்பை இறுக்கிடும் துணியால் 

என்னை நீ கைதாக்கினாய்

உலகே பொய்யடி, கனவே மெய்யடி 

அதில் வாழ்வோமே பூங்கோதையே! ஹோ.....

தீயின்றெரியும் காடொன்றில், 

கீச்சா கிளிகள் உறவாட 

நீண்டே விடியும் விசும்பென்றே  

தீண்டா ஏக்கம் விரிந்தாட

வேங்குழலில் இழைந்தாயடி என் காதையே.. 

மென் மயங்கி கிடந்தேனடி என் போதையே...

துரும்பென இளைத்திவள் உருமாற 

விருந்தாக எனை பரிமாற 


கருங்கனி சுவை இதில் உயிர் ஊர 

துறந்தேனே நானும் வெறியேர

நீ இன்னும் இன்னும் இன்னும் இன்னும் வேண்டுமே 

என எனதிதழ் உனதுடல் தீண்டுமே

 

உன இடை அணியெத பூண்டுமே 

நீ இறங்கிட இருதயம் தூண்டுமே

இறங்காதேறேனோ உயிராய் மாறேனோ 

வலி தாங்காயோ பூங்கோதையே! ஹோ.....

தீயின்றெரியும் காடொன்றில், 

கீச்சா கிளிகள் உறவாட 

நீண்டே விடியும் விசும்பென்றே

தீண்டா ஏக்கம் விரிந்தாட

வேலென்றருத்திடும் விழிகள் 

இரண்டில் நீ தாக்கினாய்

உந்தன் மார்பை இறுக்கிடும் துணியால் 

என்னை நீ கைதாக்கினாய்

உலகே பொய்யடி, கனவே மெய்யடி 

அதில் வாழ்வோமே பூங்கோதையே! ஹோ.....

இவன் ❤💙 செல்வா ❤️💙",1
Theatre experience of this song was ❤❤❤❤,2
எல்லா மொழிகளிலும் இந்த பாடல் கேட்டாலும் தமிழ் மொழியில் ஆஆஆஆஆஆ மிகச் சிறப்பு❤❤❤❤❤❤,62
Waiting for this song only🎉,0
இந்த பட்டு தியேட்டரில் பார்க்கும் போது மிகவும் அருமையாக இருந்தது..,6
என்  சிவபெருமானுக்கு ஈடு ஏதும் ஏதும்,1
"""All that glitters are not Gold"" proverb proven in this Film",1
"Lord shiva never agitated by any women other than mohini who is vishnu himself,he is such a perfect yogi..,here same they replicated , though kankavathi is so much beautiful berme not fallen for her,but he believed,when everyone is expected chewing after chewing princess and normal man loving and story goes behind,but this is complete masterpiece..""All that glitters are not gold"" perfect example kankavathi",0
❤,1
❤❤❤,2
1:26 chinmayi......🥰🔥,25
2:48 ❤❤,14
Awsome presentation,2
Am I the only one who felt malayalam version is better?,1
Actor Manikandan voice dub was perfect ❤,1
சூப்பர் சாங்  ஐலைக் யூ சாங,1
2.11 ultimate 🥰🥰🥰🥰🥰🥰🥰🥰🥰🥰🥰,2
Madan karky should be celebrated but namba avaruku support pana matrom !,3
Tamil people giving support to this movie like bahubali .,51
Tamil version lyrics awesome heart melting lines.... Recently addicted ❤️❤️❤️❤️❤️❤️❤️❤️❤️❤️❤️❤️❤️❤️❤️❤️❤️❤️❤️❤️❤️❤️,3
Eagerly Waiting for this one song 🎶🤌🏻❤️💎...,1
"தீம் தனன தீம், தீம் தனன தீம்

ததரி தரி தநி 

ததரி ததரி ததரி தா.....

வேங்குழலில் இழைந்தாயடி என் காதையே 

மென் மயங்கி கிடந்தேனடி என் போதையே 

வேலென்றருத்திடும் விழிகள் 

இரண்டில் நீ தாக்கினாய்

உந்தன் மார்பை இறுக்கிடும் துணியால் 

என்னை நீ கைதாக்கினாய்

உலகே பொய்யடி, கனவே மெய்யடி 

அதில் வாழ்வோமே பூங்கோதையே! ஹோ.....

தீயின்றெரியும் காடொன்றில், 

கீச்சா கிளிகள் உறவாட 

நீண்டே விடியும் விசும்பென்றே  

தீண்டா ஏக்கம் விரிந்தாட

வேங்குழலில் இழைந்தாயடி என் காதையே.. 

மென் மயங்கி கிடந்தேனடி என் போதையே...

துரும்பென இளைத்திவள் உருமாற 

விருந்தாக எனை பரிமாற 


கருங்கனி சுவை இதில் உயிர் ஊர 

துறந்தேனே நானும் வெறியேர

நீ இன்னும் இன்னும் இன்னும் வேண்டுமே 

என எனதிதழ் உனதுடல் தீண்டுமே

 

உன இடை அணியெத பூண்டுமே 

நீ இறங்கிட இருதயம் தூண்டுமே

இறங்காதேறேனோ உயிராய் மாறேனோ 

வலி தாங்காயோ பூங்கோதையே! ஹோ.....

தீயின்றெரியும் காடொன்றில், 

கீச்சா கிளிகள் உறவாட 

நீண்டே விடியும் விசும்பென்றே

தீண்டா ஏக்கம் விரிந்தாட

வேலென்றருத்திடும் விழிகள் 

இரண்டில் நீ தாக்கினாய்

உந்தன் மார்பை இறுக்கிடும் துணியால் 

என்னை நீ கைதாக்கினாய்

உலகே பொய்யடி, கனவே மெய்யடி 

அதில் வாழ்வோமே பூங்கோதையே! ஹோ.....",0
❤❤❤ My most favvvv,0
Tamil version high pitch is better. Other 3 languages little bit flat i guess,2
காந்தாரா அத்தியாயம் 1 மாபெரும் திரைப்படம்... இந்த தீபாவளி அன்று திரையரங்குகளில் கண்டு மகிழ்ச்சி அடைந்தேன்... Rishab shetty மற்றும் rukmini vasanth அவர்களின் நடிப்பு vera level வில்லதி வில்லி ருக்கு ❤❤❤,0
This goes straight into my playlist.. such a masterpiece❤,3
"Just addicted to this song 
Tamil version is melting 😊😊",7
இந்த பாடல் கேட்க ரொம்ப அருமையாக இருக்கும் இசை ❤,2
after a long wait finally my favourite song is released ❤❤❤❤❤❤❤,1
Indha amma valiya poi avan kita vilugara apove nenachen villangam Iruku nu,0
Chinmayi ❤❤❤,1
Don't trust girl 😭,0
Amazing movie,1
"Fact like this songs and lyrics hard to find in direct tamil movies🎉 kudos to the composer, lyricist and singers❤",0
This song is very nice. The Tamil version is very good. The music of Ajaneesh Loknath was superb and Hero Rishabh Shetty was very handsome and marvelous and Heroine Rukmini Vasanth was very nice and graceful. Singer Chinmayi's voice was beautiful and soothing. Lyricist Karky's lyrics were so good and perfect.,2
Na irukenla 😂 nethanama elathukum kaaranam😢,0
Whole song is good ✨️ but these parts 1:25 and 2:40 ❤️‍🔥😍,1
Indha song ku thaanga wait pannittu irudnhan 🤩😍,0
this song is struck in my mind,0
Rukmini❤,0
"உலகே பொய்யடி , கனவே(நீ மட்டும் )மெய்யடி ...  
நீ மட்டும் மெய்யடி எழுதி இருக்கலாம் ‌ ஆனா அந்த பொண்ணு கூட மெய் இல்லை. அதனால் வரிகளை அப்படி எழுதி இருக்காங்க",0
Theatre experience was!!🔥🔥❣,0
much waited song,1
Set bgm❤️😍,0
Song lyrics chattunu puriyadha maari irukkum but 02.04 la irundhu lyrics a uththu paatha ithu aairaththila orvan la vara reemasan song mari oru kavarchi song than ana andha kavarachi a madhan lyrics la kaamchurukkaru,0
Song lyrics chattunu puriyadha maari irukkum but 02.04 la irundhu lyrics a uththu paatha ithu aairaththila orvan la vara reemasan song mari oru kavarchi song than ana andha kavarachi a madhan lyrics la kaamchurukkaru,0
2025 deepavali song,0
This song ku than waiting ✨❤️,0
Blockbuster movie,1
Vera level music🥺❤️‍🩹🥰,0
❤❤❤ அழகுணர்ச்சி மிகுந்த பாடல் ❤❤❤ தமிழின் அழகு❤❤❤,0
Suggest..my favourite list❤,0
My favourite part 1:25,0
2:55 this image was amazing 🫶🏻 wow!! Butt this love is not truee😩...,42
Lyrics: madhan karky ❤,0
"K S Harishankar's voice...✨❤All versions are good, but tamil hits hard... Love youhh frm Kerala🤗💗",81
❤❤❤❤❤❤❤❤❤❤❤❤,0
Ma recent fav❤,0
"Lyrics &  video,music 🔥",0
Tamil version liked ❤❤❤,6
MADAN KARKY LYRICS R CLASSIC ❤❤❤❤❤❤❤❤❤❤❤,0
Example for beautiful 🤗 but dangerous 💀,1
First half rukku ☺️ second half rukku 👿💀📈,2
This song with Dolby Atmos ❤️‍🔥💥,0
Tamil version was excellent,4
mani voice❤,0
1:29,0
❤,0
Loop mode uhh💥,2
Watched this movie 3x in theatre just to experience this masterpiece 😩,0
"Must watch in theatre🍁🍂🔥

Rare price chettiyaar ❤",5
My favorite❤️❤️❤️❤️❤️,0
😍🥰😘🔥,1
My 🫴favourite ✨song 💞,1
Wow what great song 🎵 whole album was amazing.,1
"Waited for this track 0:16
Came for this",2
Favorite song now ❤❤❤❤😍,0
0:17😢,0
Butt this part0:9,0
Harisankar's voice.. Ufff 😍❤️🔥🔥,19
Malayalam version 📈🔥🔥,0
Loop mode❤,0
Music making music beautiful,0
Nowadays tamil dubbed songs are so beautiful to hear than original versions of any languages. Also tamil movie songs are nothing in front of  tamil dubbed songs,89
🫴❤️,0
Tamil version 🗿,0
Waited for this song ❤bgm melts ❤️❤️,1
Yoo evolo naal try panne theriyuma intha song theatre la pathutu ....😢😢,2
she looks too much beautiful in this dress,0
கேட்டுகிட்டே இருக்குனும் போல இருக்கு💕💕💕💕💕,0
Chinmayi ❤❤❤,2
One of the best and beautiful melody song with historical instruments.. of the entire cinema decade.🍃🍃🍃❤️‍🔥❤️‍🔥❤️‍🔥❤️‍🔥♥️♥️♥️🤌🏻🪔,0
Movie watch 2 time in theatre,0
"Singara sirye was amazing❤, now it's mesmerizing 💕",0
Hearing for 50th time addicted to music ❤,0
2:11 I ascended to heaven that part is absolutely soulful,1
Tamil version is just perfect !!!,274
"தீம் தனன தீம், தீம் தனன தீம்


தீம் தனன தீம், தீம் தனன தீம்

ததரி தரி தநி 

ததரி ததரி ததரி தா.....

வேங்குழலில் இழைந்தாயடி என் காதையே 

மென் மயங்கி கிடந்தேனடி என் போதையே 

வேலென்றருத்திடும் விழிகள் 

இரண்டில் நீ தாக்கினாய்

உந்தன் மார்பை இறுக்கிடும் துணியால் 

என்னை நீ கைதாக்கினாய்

உலகே பொய்யடி, கனவே மெய்யடி 

அதில் வாழ்வோமே பூங்கோதையே! ஹோ.....

தீயின்றெரியும் காடொன்றில், 

கீச்சா கிளிகள் உறவாட 

நீண்டே விடியும் விசும்பென்றே  

தீண்டா ஏக்கம் விரிந்தாட

வேங்குழலில் இழைந்தாயடி என் காதையே.. 

மென் மயங்கி கிடந்தேனடி என் போதையே...

துரும்பென இளைத்திவள் உருமாற 

விருந்தாக எனை பரிமாற 


கருங்கனி சுவை இதில் உயிர் ஊர 

துறந்தேனே நானும் வெறியேர

நீ இன்னும் இன்னும் இன்னும் வேண்டுமே 

என எனதிதழ் உனதுடல் தீண்டுமே

 

உன இடை அணியெத பூண்டுமே 

நீ இறங்கிட இருதயம் தூண்டுமே

இறங்காதேறேனோ உயிராய் மாறேனோ 

வலி தாங்காயோ பூங்கோதையே! ஹோ.....

தீயின்றெரியும் காடொன்றில், 

கீச்சா கிளிகள் உறவாட 

நீண்டே விடியும் விசும்பென்றே

தீண்டா ஏக்கம் விரிந்தாட

வேலென்றருத்திடும் விழிகள் 

இரண்டில் நீ தாக்கினாய்

உந்தன் மார்பை இறுக்கிடும் துணியால் 

என்னை நீ கைதாக்கினாய்

உலகே பொய்யடி, கனவே மெய்யடி 

அதில் வாழ்வோமே பூங்கோதையே! ஹோ.....",189
Visual and theatre treat ❤❤❤,0
2:37 💕,1
"Tamil version is best of all versions ❤ can't change my opinion heared in 3 languages, wow choosing of words kaadhai , visumbu school books ku aprm ippodha kekran indha words and dialogues and screenplay awesome repeated mode la playing and theatre experience awesome",14
Supper move visuval supper,0
Song so nice 👍🏻,0
National Crush Rukku 💖💖💖,0
Theatre experience 🥶,50
Hari Shankar voice 🥺❤🎉,0
Hair mari iruku intha movie 😂😂😂😂.. overrated,3
Happy diwali ✨,0
😍❤️,0
Hi8😢🎉😂,0
"""ईश्वर का मधुबन, जय कांतारा.""
         'शुभ दीपावली'",0
Ipo Vara tamil songs orginal la vida intha songs lyrics semma 🔥,24
Songs yarum pakala  only nama rukhmini 😜,0
Malayalam and kannada ❤️,0
Kannada and Tamil version are  just wow😍❤️,5
recently addicted ❤❤❤,0
Again diwali ku theatre la paaka povom 🎉,0
2.47,0
தமிழ் மொழியில் கவிதை எழுதியதற்கு அருமை😮,2
goosbumbs in theater what a music romance lines videograpy ❤❤❤❤❤❤,0
❤❤❤❤❤,0
Nice song🎉🎉🎉🎉,0
New addiction ❤,0
Madan karky one of the finest lyricist,2
Feel the experience in Dolby Atmos🫠🫡,1
Magic,0
Excellent ❤❤,0
Tamil Version of this song is the most beautiful 😍,60
Chinmayi magic😅,4
Saw this movie last night and i have to say man it is pure goosebumps,0
Theatre Experience💗😭,0
Blast of 2025 ❤,0
❤❤❤,0
For this only.. Second time movie ku pona,0
It's a magical music nd voice❤,0
Theatre experience 😻😻🎇🎇,0
This song remembers Kannukkul yetho ...kanukkul yetho .....from Thiruvilaiyadal Arambam flim ....❤❤❤❤❤❤❤,0
"Im kannadiga, But Tamil singer voice and feel of this tamil version  is Vera level.
🎉❤🎉",865
"Rukku vibes 😊😊😊, wow ❤❤❤",0
1:26 💆🏻💓🌊,0
"This song is either 💎 or ☀️.
Amazing 🤩 song",1
Finally,1
❤❤❤❤,0
Kuzhandhai roobathil koduran nu solluvaangaley andha maathiri thaan last 30 mins varaikkum ivala villi nu nenaikka mudiyatha alavukku nadichirupaa lastla kazhutha orey thiruppu 😂😂😂,3
Beauty is dangerous 😂💯,16
Ii pattu evdo ketta pole arkelum thonio?? 😂,1
This song in theater experience was amazing ❤😭,0
Theatre experience ❤❤❤❤,0
Kantara 2second time pakkanum,0
இந்த காதல் உண்மையாக இருந்து விட கூடாதா என ஏங்க வைத்து விட்டது இந்த பாடல்,45
Recently fav and addicted🎶♥️🫶,0
No one is mentioning male singer,0
Wowwww,1
"""உந்தன் மார்பை இறுக்கிடும் துணியால் 

என்னை நீ கைதாக்கினாய்""
Rukmini vasanth ❤️😩😭🫠",0
Chinmayi mam voice is very beautiful ❤❤❤❤❤,18
Nice song ❤,0
❤,0
I am eagarly waiting for this song,0
"தியேட்டரில் இந்த பாடலை கேட்டு விட்டு,  வீட்டில் வந்து கேட்டால் அதிக வித்தியாசம் 😂
Dolby Atmos",64
My favorite songs ❤😮,0
"வேங்குழலில் இழைந்தாயடி என் காதையே 

மென் மயங்கி கிடந்தேனடி என் போதையே 

வேலென்றருத்திடும் விழிகள் 

இரண்டில் நீ தாக்கினாய்

உந்தன் மார்பை இறுக்கிடும் துணியால் 

என்னை நீ கைதாக்கினாய்

உலகே பொய்யடி, கனவே மெய்யடி 

அதில் வாழ்வோமே பூங்கோதையே! ஹோ.....

தீயின்றெரியும் காடொன்றில், 

கீச்சா கிளிகள் உறவாட 

நீண்டே விடியும் விசும்பென்றே  

தீண்டா ஏக்கம் விரிந்தாட

வேங்குழலில் இழைந்தாயடி என் காதையே.. 

மென் மயங்கி கிடந்தேனடி என் போதையே...

துரும்பென இளைத்திவள் உருமாற 

விருந்தாக எனை பரிமாற 

கருங்கனி சுவை இதில் உயிர் ஊர 

துறந்தேனே நானும் வெறியேர

நீ இன்னும் இன்னும் இன்னும் வேண்டுமே 

என எனதிதழ் உனதுடல் தீண்டுமே

 

உன இடை அணியெத பூண்டுமே 

நீ இறங்கிட இருதயம் தூண்டுமே

இறங்காதேறேனோ உயிராய் மாறேனோ 

வலி தாங்காயோ பூங்கோதையே! ஹோ.....

தீயின்றெரியும் காடொன்றில், 

கீச்சா கிளிகள் உறவாட 

நீண்டே விடியும் விசும்பென்றே

தீண்டா ஏக்கம் விரிந்தாட

வேலென்றருத்திடும் விழிகள் 

இரண்டில் நீ தாக்கினாய்

உந்தன் மார்பை இறுக்கிடும் துணியால் 

என்னை நீ கைதாக்கினாய்

உலகே பொய்யடி, கனவே மெய்யடி 

அதில் வாழ்வோமே பூங்கோதையே! ஹோ.....",1
Late a comment pannuren 🥲 but idhukumelayum comment Pannama irukka mudiyala pa 🤧 ippadi oru movie and songs nijama namba mudiyala 🥲 unmaya salute to the director and all actors 🫡. Idhu movie kum mela 🤧..  First time oru movie a again again paka thonudhu 😢 idhoda 3🤧 times pathuten😂 again pakanum. Songs ketalum end Panna mudiyala ye 😂. 🫡🫡🫡🫡🫡 ❤❤❤❤❤❤❤❤❤❤❤❤❤,0
I think that string comes at 0.17 is sarangi....that portion hearing in theater is 💜💙💚♥️🧡❤️💛👍👌👏👑,0
Hearing this song in theatre is lovely ❤❤❤❤❤❤,0
MANIKANDAN VOICE.....NO CHANCE ....👍👌👏👑,0
Chinmayi voice mind blowing.....Harisankar voice mesmerizing ❤❤❤❤🎉,277
Amazing song❤❤,0
I heard this song more than 1000 times ❤❤❤❤,1
This song❤❤❤❤  theatre experience was sooooo sooooo excellent ❤❤❤ I seen 3times this movie.. but still I experienced that as hearing first time,0
🪄,0
Theatre experience ❤ it was heaven 🎉,0
❤❤❤❤❤❤❤❤❤❤❤,0
Rukmini fans button ❤,0
Bgm.... 👼💞🙏🥰🥰🥰🥰💋💖💖💖💖💖💖💖,0
Most impressed song in this movie lov u Rukmani vasnath ❤,0
❤❤❤❤❤❤❤❤❤❤❤❤❤❤❤❤❤❤❤❤❤❤❤❤❤❤❤❤❤❤❤❤❤❤❤❤❤❤❤❤❤❤❤❤❤,1
💓🙏🏻💕,1
Loop📈😌✨,0
Reminds me of PS…..movie and the costume for her . Beauty queen…a star is born .,1
Finally released...audio kooda ithana naal release pannama kaya vechiteengale boss,1
Feel the lyrics ❤🫰💘✨,2
Finallyyy the song is out 🎉🎉🎉🎉waiting for this since I watched the song in theatre,0
Theatre experience ❤,0
Every other beauty fades when she is in the frame.Rukmini fans assemble ❤,6
enakum aasaiya Iruku unga ishavara poonthotam pakanum nu inda dialogue ipa dhaana puriyudhu😂,30
All are watching rukmini vasanth 😂😂😂,0
Please add the rebel video song,0
love it🙃,0
Intha song name theriyama ivlo naal wait panren,0
Wait panidu iruthan ❤,0
Rukku ❤❤❤,0
Thanks lord & universe .....,1
It so romantic 😊❤,0
Today morning only searched this video song....God have accepted my Request 😊,0
#SilambarasanTR ❤,0
In kannada it is more good proud to be kannadathi,4
Most awaited song 🎶❤️👀..,1
"In Theatre this song awesome,",0
Raksha olaf blf 🎉,1
Music sema voice super,0
1:26 & 2:40 portion ❤ ❤theatre experience 🔥 use headphones,0
❤❤❤❤,0
0:16 ❤❤❤,0
❤,0
❤🫶🏻,0
This song audio uploading bro,0
1:27 i felt this portion is better in malayalam version,0
Kantara chapter 1 diwali winner,0
"வேங்குழலில் இழைந்தாயடி
என் காதையே
மென்மயங்கிக் கிடந்தேனடி
என் போதையே!
வேலன்றறுத்திடும் விழிகள்
இரண்டில் நீ தாக்கினாய்- உந்தன் 
மார்பை இருக்கிடும் துணியால்
எனை நீ கைதாக்கினாய்
உலகே பொய்யடி
கனவே மெய்யடி
அதில் வாழ்வோமா பூங்கோதையே!

தீயென்று எறியும் காடொன்றில்
கீச்சாக் கிளிகள் உறவாட
நீண்டே விரியும் விசும்பென்றே
தீண்டா ஏக்கம் விரிந்தாட

வேங்குழலில் இழைந்தாயடி
என் காதையே
மென்மயங்கிக் கிடந்தேனடி
என் போதையே!

துரும்பென இழைத்திவள் உருமாற
விருந்தாக எனை பரிமாற
கருங்கணி சுவையினில் உயிர் ஊற
துறந்தேனே நானம் வெறியேற
நீ இன்னும் இன்னும் இன்னும் இன்னும் வேண்டுமே
என எனதிதழ் உனதுடல் தீண்டுமே
ஏ உனை இடையணி என பூண்டுமே
நீ இறங்கிட இருதயம் தூண்டுமே
இறங்காதேரனோ
உயிராய் மாறேனோ
வலித்தாங்காயோ பூங்கோதையே!

தீயென்று எறியும் காடொன்றில்
கீச்சாக் கிளிகள் உறவாட 
நீண்டே விரியும் விசும்பென்றே
தீண்டா ஏக்கம் விரிந்தாட

வேலன்றறுத்திடும் விழிகள்
இரண்டில் நீ தாக்கினாய்- உந்தன் 
மார்பை இருக்கிடும் துணியால்
எனை நீ கைதாக்கினாய்
உலகே பொய்யடி
கனவே மெய்யடி
அதில் வாழ்வோமா பூங்கோதையே!",0
Extraordinary lovely lyrics. And Rukmani vasanth looksssss beautiful.,1
❤❤❤❤❤❤❤,0
Wonderfull song❤,0
The most beautiful & melodic song 🎉,0
1:26 portion 🤍🎀blisss,0
Melted at every seconds,0
3:20 ❤,0
Got addicted after watching the movie.. Tamil lyrics and voice Melting.... pure bliss ❤🤩,1
"At first I liked Kannada version
But Tamil lyrics is ❤🔥
Just feels like honey dripping 

Sad that we don't have such lyrics now in Tamil Cinema",44
"இந்த தீபாவளிக்கு dude, diesel, bison 3 தமிழ் படம் வந்திருக்கு ஆனா என் மனசு மறுபடியும் காந்தாரா படம் போய் தியேட்டர்ல பாக்கணும்னு தோணுது. ❤☺️",1698
"These days, my favourite film is Kantara, my favourite songs all the songs in kantara, my favourite hero Rishabh Shetty. 

I never imagined I’d become such a big fan of him, especially since I only discovered him through Kantara",5
she's stunnning😍😍,0
Chinmayi 💜💜@2:05,7
1 week aa video song thedite irunthen.... Something special close to my heart melting bgm❤️💥🥺,4
My fav 💚,0
❤❤❤❤❤❤❤Rukmini ❤❤❤❤❤❤❤,1
1:25 ❤❤❤❤❤❤❤❤❤❤❤❤❤❤,3
"Reshab shetty is not a director, not a hero He is a full package movie.",0
❤Latest Most Favourite Song ❤,1
Rishab Shetty sir Respect Button 🔥🙏❤️,3
This tamil version very nostalgic for me,4
Fake love 😂,0
Recently addicted ❤ 🎧🎵,0
"I have heard this song in all the languages. Tamil language is the best fit, melts in ears.......",16
You are simply rocking!  Your voice is like diamond fixed on a golden ornament ❤🎉,1
"Our people said the right thing, this tamil version is something different ❤🤯",67
Tamil Version is the Best.... ❤❤❤❤❤Love you Rishab Shetty Nanbaaaaa🎉🎉❤❤❤,2
💎❤️,0
Theatre experience😍❤️,2
Kannadiga ❤2025,0
Thiss is soooo perfectttttt...😫😭💓✨,0
Waiting for song i really love song,0
Rukmini twist vacha paarunga 🎉❤,1
Love the bgm ❤,0
Chinmayi takes this song to a different level,6
Ketta udane pidichitu indha song theatre la 🫠🫠,0
👌🏿,0
After watching movie... I search this song every side ... But kidaikala 😊 ipo kidachachuru,1
Heroineku love song pottatha pathiruken aana villiku love song potatha ippathan pakuren😂😂😂😂😂.,83
Loved❤ ❤❤❤❤❤,0
Innum uyarangil yethaatte❤,0
திடீரென்று ருக்மணி தமிழ்நாடு ரசிகர்களாக மாறியவர்களின்  சார்பாக வாழ்த்துக்கள்,26
Master Piece 😍,1
Soooper  aaittund mone,0
Entha song ku wait panna❤❤❤❤❤❤,0
❤❤,0
Finally the wait is over,0
Wait for this song,0
❤a,0
Finally The video song is released. This was the most awaited song ever!!!!❤😊,12
Enna mari velaipadu❤️😭one of the best dubbed song recently,3
This song lyrics makes everyone blush😂i hope tamizh is the best version...The visuals and background of this song is amazing❤,0
வேலென்றருத்திடும்‌ விழிகள் இரண்டில் நீ தாக்கினாய்.....,12
"Never seen beautiful coastal set ,great cinematography ...fantastic song",0
I am from Maharashtra my language Marathi. I like south see all traditional song...❤❤❤ I doesn't understand this song but tone and song nice...,2
Ship fighting scene is amazing,0
One of my favourite Life time settlement song❤,0
இதுக்காக waiting 🥰,0
1:40  🔁 mode,0
Waiting for this❤❤,0
Epo varum nu wait panitu iruntha intha song ku❤❤,6
Malayalam version is also good,0
Kantara is going to cross 1000 cr and this song is a part of it.  Specially Now Rukmani 😅 ❤,38
Love it❤,0
Release in Hindi also,0
❤❤❤❤ I heard all the versions of this song.... But the Tamil lyrics are literally making me blush🤭❤❤❤❤,16
2:04 chinmyee voice ❤❤❤❤,187
Love this song ❤,0
Ks harishangar ❤❤,2
"Truly humbled and grateful to have lent my voice alongside the incredible Chinmayi ma’am for this beautiful track. Heartfelt thanks to Ajaneesh sir, Madhan Karky sir, and Boby ma’am for the opportunity and guidance. Grateful to the entire team of Kantara: Chapter 1 for making this experience so special.",1543
Not releasing this song b4 movie premiere is smart move cause i mesmerized by the melody n superb lyrics by karki... Kudos to ajenesh loknath.. congratulations from thanes Malaysia.,61
❤❤❤,0
I'm waiting for this song,0
❤💎😭,1
அப்படியே படத்தையும் பெரிய மனசு பண்ணி வெளில விட்டிங்கன்னா புண்ணியமா போகும்😅😂...,3
Madana mana mohini eh use pani irukalam Mayalam version pola. Ithu original version ku romba different ah Iruku.,0
தியேட்டர்ல இந்த பாட்ட கேக்கும் போது வந்துச்சு பாரு ஒரு Feeling uh....That's just a AMAZING 👌💥🎧,914
Starting music vera level vibe❤❤❤❤❤❤,2
💯💯வெளிச்சமா இருக்குதுன்னு மின்மினி  பின்னாடி பொய்டாதிங்க தொலைஞ்சு பொய்டிவிங்க💯💯,458
❤️❤️❤️❤️🔥❤️❤️,0
"what a song..!!

what a picturisation..!!

what an eye movement by the heroin...!!

Beautiful presentation...not only this song but entire movie...

And that's why everyone is celebrating this movie not only at national level but globally...

Hats off to DIVINE STAR Rishab Shetty who is the script-writer, actor and director of this movie....",12
Voice of singer is heart melting,3
Theatrical magic 🪄... she's screen presence 💎🤌🏻,14
"All Language Present 
Kannada ✅
Telugu ✅
Malayalam ✅
Tamil ✅
Hindi ✅",0
Proud of cinema industry 💥,1
So coolest song,0
This song😫🎧✨,4
நாசமா போன தமிழ் சினிமா இவர்களின் மூத்திரத்தை வாங்கி குடிங்க ஒரு வேற்று மாநில படங்களில் வரும் பாடல்கள் அனைத்தும் அப்படி ஒரு தூய தமிழில் இருக்கிறது இங்கே நாய் கத்திர மாதிரி பாடல்களை கொடுத்து தமிழ் மொழியையும் நாசம் செய்து விட்டார்கள் இங்கே நல்ல தமிழ்  பாடல் ஆசிரியர்கள் இருக்கிறார்கள் அவர்களுக்கு இப்போதைய இசைமைப்பளர்கள் வாய்ப்பு கொடுப்பது இல்லை கண்ட கண்ட நாதிரிகளுக்கு பாடல் எழுத கொடுத்து நாசம் ஆக்குகிறார்கள்,6
மதன் கார்க்கி ❤ என்ன ஒரு வரிகள்,80
♥️proud of tulunadu,2
Chinmayee ❤,8
❤❤❤❤,0
"My ply list 
My fvt singer Harisankar ❤️❤️🥰",2
Can expect this song to play on wedding events,1
Who is watching this masterpiece on October 19 2025 ❤🎉,11
Theatre experience was extraordinary 🔥,16
Such a....... soothing songs as said being dissolved in This song ❤,4
"The Tamil lyrics of this song. Will represent the eternal sweetness of the Tamil . The power of Tamil language. 
“தேன் சுவையும் தெவிட்டாத தென் அமுதும்,
சொல் சுவையும் தெவிட்டாத தமிழும் அவன்.” தமிழ் இனிமை",136
what an armpit rukmani,0
Semma fav song ❤,1
அருமையான படைப்பு❤,3
"Omg what a song❤ was waiting for the video song to release, this song hits different...touches the soul...❤❤❤mesmerizing",0
In loop,1
"Rukmini in this portion😍
Rukmini in climax ☠️",0
My phone ringtone ❤ யாரு எல்லாம் இந்த சாங் பிடிக்கும் 🎉,1
❤❤❤,0
"Tribute to KANTARA Chapter 1
https://youtu.be/rzzqbN2HkT8?si=MVOdYEf8lyCvamqK",0
Nice 💐🇮🇳,0
தமிழ் பாடல் வரிகளை இன்றும் வாழ வைக்கும் சில பாடலாசிரியர்களில் மதன் கார்க்கி மிகவும் முக்கியமானவர்,93
Malayalam version ❤🎉,0
"The heart wants that love❤️‍🩹, but the brain doesn't want that love.😵‍💫📈",2
Malayalam dubbed version is best,0
Song❤,1
Most fav one 🤌🏻❤️🥺,0
This song is ruleing my playlist ❤❤❤😊😊😊 thank you for this masterpiece 🙏🏻,1
❤,1
1:54 tulu script 😊,8
உலகே பொய்யடி .....கனவே மெய்யடி .....❤🪄,25
"02:30 - *Spa was a setup for getting a Beme DNA for Vashikaran(Black magic).* Tantra requires a person's used cloth, Nails, Hairs to do the Black magic.
Here Leader of the Kantara needs to be done Blackmagic to give land to king.",18
Harishankar voice ❤️,2
"Vaeynguzhalilizhaindhaayadee
en kaadhaiyae!
menmayangikkidandhaenadee
en boadhaiyae!
vaelenRaRuthidum vizhihaL
iraNdil nee thaakkinaay - undhan
maarbai iRukkidum thuNiyaal
enai nee kaidhaakkinaay
ulagae poyyadee
kanavae meyyadee
adhil vaazhvoamaa poongoadhaiyae!
theeyen-Reriyung-gaadonRil
keechaak kiLiha LuRavaada
neeNdae viriyum visumbenRae
theeNdaa aekkam virindhaada
vaeynguzhalilizhaindhaayadee
en kaadhaiyae!
menmayangikkidandhaenadee
en boadhaiyae!
thurumbena iLaithivaL urumaaRa
virundhaaha enai parimaaRa
karungani chuvaiyinil uyir ooRa
thuRandhaenae naaNam vaeRiyaeRa
nee innumminnuminnumnnum vaeNdumae
ena enadhidhazh unadhudal theeNdumae
ae unai idaiyaNi ena pooNdumae
nee iRangida irudhayam thooNdumae
iRangaadhaeRaeno
uyiraay maaRaenoaa
valithaangaayoa poongoadhaiyae oa!
theeyen Reriyung kaadonRil
keechaak kiLiha LuRavaada
neeNdae viriyum visumbenRae
theeNdaa aekkam virindhaada
vaelenRaRuthidum vizhihaL
iraNdil nee thaakkinaay - undhan
maarbai iRukkidum thuNiyaal
enai nee kaidhaakkinaay
ulagae poyyadee
kanavae meyyadee
adhil vaazhvoamaa poongoadhaiyae",0
I am waiting for this version thank u song🎵🎵,0
தியேட்டர் ல இந்த பாட்டு சரியான Vibe uh 😂❤,21
வேங்கு (ழ) லில் இ (ழை) ந்தாயடி - தமிழ் வரிகள் அருமை ❤,2
"ஆண்: வேய்ங்குழலில் இழைந்தாயடி என் காதையே,
மென்மயங்கிக் கிடந்தேனடி என் போதையே,
வேலென்றறுத்திடும் விழிகள் இரண்டில் நீ தாக்கினாய்
உந்தன் மார்பை இருக்கிடும் துணியால் எனை நீ கைதாக்கினாய்,
உலகே பொய்யடி
உணர்வே மெய்யடி
அதில் வாழ்வோமா பூங்கோதையே...ஓ
பிண்ணனி : தீயென்றெரியுங் காடொன்றில்
கீச்சாக் கிளிகள் உறவாட
நீண்டே விரியும் விசும்பென்றே
தீண்டா ஏக்கம் விரிந்தாட
ஆண்: வேய்ங்குழலில் இழைந்தாயடி என் காதையே,
மென்மயங்கிக் கிடந்தேனடி என் போதையே,
ஆண்: துரும்பென இளைத்திவள் உருமாற
விருந்தாக எனை பரிமாற
பெண்: கருங்கனிச் சுவையினில் உயிர் ஊற
துறந்தேனே நாணம் வெறியேற
ஆண்: நீ இன்னும் இன்னும் இன்னும் இன்னும் வேண்டுமே
என எனதிதழ் உனதுடல் தீண்டுமே
பெண்: ஏ... உனை இடையணி என பூண்டுமே
நீ இரங்கிட இருதயம் தூண்டுமே
ஆண்: இரங்காதேரேனோ
உயிராய் மாறேனோ
வலி தாங்காயோ பூங்கோதையே... ஓ
பிண்ணனி: தீயென்றெரியுங் காடொன்றில்
கீச்சாக் கிளிகள் உறவாட
நீண்டே விரியும் விசும்பென்றே
தீண்டா ஏக்கம் விரிந்தாட
ஆண்: வேலென்றறுத்திடும் விழிகள் இரண்டில் நீ தாக்கினாய்
உந்தன் மார்பை இருக்கிடும் துணியால் எனை நீ கைதாக்கினாய்,
உலகே பொய்யடி
உணர்வே மெய்யடி
அதில் வாழ்வோமா பூங்கோதையே...ஓ",54
"Searched everywhere in YouTube, Spotify, and on the net; finally, hombale released ❤",5
All Indians responsibility to get this past 1000 crore only then it will set the benchmark for upcoming movie makers or eat only average movies❤,0
0:15  My god 😍😍😍😍😍😍😍😍😍,4
Harishankar and chinmayi❤️‍🔥❤️,1
വെളിച്ചം തേടി മിന്നാമിനിങ്ങിന്റെ കൂടെ പോകരുത് അത് അപകടമാണ് 😊,7
Much awaited video song ❤,0
Beautiful Song One Of My Favourite❤❤❤,1
"What a film, what a production house to produce such a wonderful picture representing our culture😊 @hombale glfilms",0
2:58 The moment when her real face was revealed,15
My favourite ❤❤❤,0
Recent favourite song ❤,1
My favourite song ❤,0
My Most Fav Song 🤍.... Anta Bgm Music  vera matri 🔥 @amirthajothi❤,0
உயிர் உங்களுடையது தேவி💎🎶🙇💫 Rukmani,0
0:01 I love the voice that the man expresses in the classical way ❤❤,5
❤❤,0
02:17 This scene is similar to 1st Kantara where village people are watching a movie while Leela signals Shiva to come alone.. 😅,87
I don't know why... It's in my loop....,0
Rukku lover here❤,0
Rishabh shetty always delivered fantastic songs 🎉🎉🎉,0
Much awaited ❤❤❤,0
😇,0
My fav song❤,0
Superb song.... Repeat Mode🎶🎵🎵 bgm 🔥 tamil version 📈📈📈absolutely mind- blowing.....❤❤❤❤,1
Favorite song of the year ❤🎉,0
🎉,0
Madan Karky..❤,0
Most awaited song💎💙💞❤️,1
Theatre-laye intha paatu vibe ah irunthuchu ❤️‍🔥🔱,34
Wow what song and Lyrics ❤,0
Nothing to say about tge tamil version 🫠🤍,1
🤍💎🌸,1
❤️‍🔥1:40 KS HARISHANKAR 😇❤,10
❤❤❤,0
Iam in Loop🔄 🎶❤️❤️,3
Magic starts from 1.27 😍😍😍😍😍,2
Eppo varunu kathutu irunthe intha oru song kaga theater 3 time poitu parthe ❤🫀🥺,12
Theatre experience of this song was 🔥😭🙌💎,4622
Everyone's favorite song 2025❤😍,23
🇰‌🇦‌🇳‌🇹‌🇦‌🇷‌🇦‌💥💥💥💥👌,7
1 number 🔥,0
"Perfect example for -
"" Never Judge the person by their face "" 💀
IYKYK",16
02:11 This portion hits different ❤🔥,41
Beautiful heart touching song❤,1
Lyrics ❤️ perfect match with music,0
"Recent Addict ❤
After watching film before 10 days..still முனுமுனுத்துக்கிட்டே இருக்கும் Song 🎉",213
I literally waiting for this song..❤,6
0:01 Dheem tha dhana dheem. I just love it ❤❤❤❤❤🎉🎉 and from 0:16 it leads to another world 🌎❤❤,13
Finally i got,0
It really make me hypnotize,1
manase uruguthu intha paatle,0
Man what a mesmerizing song!❤,10
2:43 the plot,38
❤❤❤,0
Chinmayi portion ❤,44
Everyone's Favourite Song Now 😅,2643
Super song,2
Madan karky enga irundhuya edukkura indha varthaigala....vaenghulalil ezhaindhayadi....🤤🤤,1
"After watching the film, I can’t help but wonder if the playful sword fighting scene at 1:26 was actually foreshadowing Kanakavathi testing Berme’s sword skills 😂",361
Please sumit in Hindi language ❤,0
இது போன்ற தமிழ் வரிகள் இப்போது எட்டா கனியாக உள்ளது ❤,1554
Madhan Karky ❤🤯,6
0:16 this bgm❤,1013
Madan karky 😊😊❤,6
"1000CR loading!
Tamil fans like❤🎉",446
1:26 ❤,24
Heroin ❌ Villian ✅,2
Vera level Love feel song ❤,9
❤,2
Wowww,2
Finally the wait is gone❤,55
"This song was a surprise heart stealer while watching the movie! 🩵 Music, visuals, and the weather in the song look so cozy and beautiful! 🌧",36
Chinmayi ❤❤❤,20
One of the Earliest comment,4
Felt tha bgmm❤❤❤❤,6
Thanks for uploading,5
I am the 4 viewer,1
Song 😩❤️‍🩹,6
I like name BERME ❤❤,9
Very good day today and what the music movie should be deserves 1000 cr,105
Semma 👍💯,4
We hope it will be gross 1000crs,14
"“Vaenguzhalil Ezhaindayadi” from Kantara Chapter 1 is a soul-touching masterpiece that beautifully blends divine emotion, mesmerizing visuals, and heartfelt music. The Tamil lyrics flow like poetry, perfectly matched with the serene background and powerful performances by Rishab Shetty and Rukmini. Every frame feels sacred and filled with nature’s essence — truly a song that connects the heart and soul. 🌿🎶",56
First view,1
Awaiting for this one❤❤❤,5
Beautiful Bgm song 😍👌🏻👌🏻👌🏻✨🥰,53
First like❤❤,0
🔥✨💯,2
